//File Creation Date: 2024-03-26
#define DW9785_PJT_VERSION_EVT 0x0301
#define DW9785_FW_VERSION_EVT 0x0903
#define DW9785_FW_DATE_EVT 0x0326
#define DW9785_FW_CHECKSUM_EVT 0x8B4A00B4
#define DW9785_ACT_ID_EVT 0x010C
unsigned short DW9785_FW_EVT[0x3F00] = {

	0xf073, 0x2045, 0xf495, 0xf495, 0xfc00,
	0xf495, 0xf495, 0xf495, 0xfc00, 0xf495,
	0xf495, 0xf495, 0xfc00, 0xf495, 0xf495,
	0xf495, 0xfc00, 0xf495, 0xf495, 0xf495,
	0xfc00, 0xf495, 0xf495, 0xf495, 0xfc00,
	0xf495, 0xf495, 0xf495, 0xfc00, 0xf495,
	0xf495, 0xf495, 0xfc00, 0xf495, 0xf495,
	0xf495, 0xfc00, 0xf495, 0xf495, 0xf495,
	0xfc00, 0xf495, 0xf495, 0xf495, 0xfc00,
	0xf495, 0xf495, 0xf495, 0xfc00, 0xf495,
	0xf495, 0xf495, 0xfc00, 0xf495, 0xf495,
	0xf495, 0xfc00, 0xf495, 0xf495, 0xf495,
	0xfc00, 0xf495, 0xf495, 0xf495, 0xf073,
	0x219e, 0xf495, 0xf495, 0xf495, 0xf7be,
	0xf6b7, 0xf7b8, 0xf6b6, 0xf6b9, 0x771d,
	0x2000, 0xf020, 0x6400, 0xf030, 0xfffe,
	0x7218, 0x0008, 0xf074, 0x2056, 0xf495,
	0xf495, 0xeef9, 0xe900, 0x7600, 0x0180,
	0xf274, 0x485a, 0x7713, 0x6080, 0x7213,
	0x6001, 0x7600, 0x0200, 0xf274, 0x485a,
	0xe900, 0xf495, 0xf074, 0x222a, 0xf074,
	0x245e, 0xf074, 0x2ec5, 0xf6bb, 0x7700,
	0x0107, 0x7213, 0x6003, 0xe901, 0x81eb,
	0x0002, 0x81eb, 0xffff, 0x11eb, 0x000f,
	0x76f8, 0xd902, 0x0000, 0x76f8, 0xd903,
	0xffff, 0x6083, 0x0001, 0x76f8, 0x6009,
	0x0000, 0x8102, 0xf830, 0x2095, 0x76f8,
	0x600a, 0x00cd, 0xf074, 0x23d9, 0x76f8,
	0xd902, 0x0004, 0x76f8, 0xd408, 0x0001,
	0xf273, 0x209f, 0xe901, 0x890e, 0x76f8,
	0x600a, 0x00c8, 0xf074, 0x23d9, 0xe901,
	0x76f8, 0xd902, 0x0020, 0x890e, 0x8c03,
	0x890e, 0x8c04, 0x3004, 0x60f8, 0x6000,
	0x0000, 0xf830, 0x20a3, 0x7213, 0x6004,
	0x60f8, 0x000e, 0x000b, 0x01eb, 0x0062,
	0x8183, 0xf830, 0x20ec, 0x6004, 0x000a,
	0xf830, 0x20e8, 0x6004, 0x0006, 0xf830,
	0x20e4, 0x6004, 0x0005, 0xf830, 0x20e0,
	0x6004, 0x0003, 0xf830, 0x20dc, 0x6004,
	0x0004, 0xf830, 0x20d8, 0x6004, 0x0002,
	0xf830, 0x20d4, 0x6004, 0x0001, 0xf830,
	0x20d0, 0xf073, 0x20ee, 0xf074, 0x471b,
	0xf073, 0x20ee, 0xf074, 0x2f6e, 0xf073,
	0x20ee, 0xf074, 0x34a3, 0xf073, 0x20ee,
	0xf074, 0x3b32, 0xf073, 0x20ee, 0xf074,
	0x33d0, 0xf073, 0x20ee, 0xf074, 0x3654,
	0xf073, 0x20ee, 0xf074, 0x4639, 0xf073,
	0x20ee, 0xf074, 0x46bc, 0x1104, 0xf310,
	0x0001, 0x490b, 0xf310, 0x0009, 0xf84b,
	0x20f8, 0xf073, 0x20fa, 0xf074, 0x2eac,
	0x7213, 0x6003, 0x13e3, 0x0010, 0x0b02,
	0xf84d, 0x213d, 0xf074, 0x2343, 0x7213,
	0x6003, 0x7102, 0x0012, 0x6deb, 0x0008,
	0x6c82, 0x210f, 0xf273, 0x2111, 0x7683,
	0x0000, 0x7683, 0x0001, 0xf074, 0x2d5b,
	0x7213, 0x6003, 0x76f8, 0xd902, 0x0000,
	0x76f8, 0xd903, 0xffff, 0x76f8, 0x6009,
	0x0000, 0x60e3, 0x0010, 0x0001, 0xf830,
	0x2130, 0x76f8, 0x600a, 0x00cd, 0xf074,
	0x23d9, 0x76f8, 0xd902, 0x0004, 0x76f8,
	0xd408, 0x0001, 0xf073, 0x2138, 0x76f8,
	0x600a, 0x00c8, 0xf074, 0x23d9, 0x76f8,
	0xd902, 0x0020, 0x7213, 0x6003, 0x11e3,
	0x0010, 0x8102, 0x6004, 0x0003, 0xf830,
	0x2144, 0x76f8, 0x6000, 0x0000, 0x7213,
	0x6003, 0x30e3, 0x0002, 0x480e, 0x0a03,
	0xfa45, 0x20a3, 0xe901, 0x8c04, 0x6003,
	0x0003, 0xf820, 0x215f, 0xf074, 0x23d9,
	0x76f8, 0xd902, 0x0004, 0x76f8, 0xd408,
	0x0001, 0x76f8, 0x6000, 0x0001, 0x3004,
	0xe901, 0x6004, 0x0000, 0xf830, 0x2178,
	0x6004, 0x0003, 0xf830, 0x2189, 0xf074,
	0x2380, 0xf074, 0x23d9, 0x76f8, 0xd902,
	0x0004, 0x76f8, 0xd408, 0x0001, 0x76f8,
	0x6000, 0x0001, 0x3004, 0xe901, 0xf073,
	0x2189, 0x6003, 0x0003, 0xf820, 0x2186,
	0xf074, 0x23d9, 0x76f8, 0xd902, 0x0004,
	0x76f8, 0xd408, 0x0001, 0x3004, 0xe901,
	0x76f8, 0x6000, 0x0001, 0x7213, 0x6003,
	0x76f8, 0x6009, 0x0000, 0x76e3, 0x0001,
	0x0000, 0x76f8, 0x60b3, 0x0000, 0x76f8,
	0xd503, 0x0000, 0x1004, 0x76f8, 0xd502,
	0x0000, 0x8003, 0xf073, 0x20a3, 0x4a06,
	0x4a07, 0xeef7, 0x4e00, 0x7002, 0x000a,
	0x10f8, 0xd900, 0x4f04, 0x7003, 0x000d,
	0xf130, 0x0004, 0x60f8, 0x000b, 0x0004,
	0xe910, 0x19f8, 0xd406, 0xf830, 0x21d1,
	0xf030, 0x0020, 0x60f8, 0x0008, 0x0020,
	0x5704, 0x5600, 0x7103, 0x000d, 0xfa20,
	0x2226, 0x7102, 0x000a, 0x76f8, 0xd408,
	0x0001, 0x76f8, 0x6009, 0x0000, 0x76f8,
	0x6002, 0x0001, 0x76f8, 0xd902, 0x0004,
	0x76f8, 0xd903, 0x0020, 0xf073, 0x2226,
	0x60f8, 0x000b, 0x0000, 0x71f8, 0x600a,
	0xd401, 0xf830, 0x21e7, 0x60f8, 0x000b,
	0x0010, 0xe801, 0xf820, 0x21ee, 0x70f8,
	0x6082, 0xd411, 0x76f8, 0x6080, 0x0000,
	0xf073, 0x21ee, 0x71f8, 0xd410, 0x6083,
	0x76f8, 0x6080, 0x0001, 0xe801, 0x00f8,
	0x6009, 0x80f8, 0x6009, 0x4808, 0xf010,
	0x000f, 0xf847, 0x2217, 0x7006, 0x0017,
	0x7217, 0x6003, 0x76f8, 0x6009, 0x0000,
	0x60e7, 0x0010, 0x0001, 0xfa20, 0x2217,
	0x7106, 0x0017, 0x76f8, 0xd400, 0x3302,
	0x76f8, 0xd408, 0x0000, 0x76f8, 0xd400,
	0x3303, 0x76f8, 0xd401, 0x0050, 0x76f8,
	0xd903, 0x0024, 0x76f8, 0xd902, 0x0020,
	0x76f8, 0x6000, 0x0001, 0x76f8, 0xd903,
	0x0004, 0x5600, 0x5704, 0x70f8, 0x6081,
	0xd901, 0x7102, 0x000a, 0x7103, 0x000d,
	0xee09, 0x8a07, 0x8a06, 0xf4eb, 0xeeff,
	0x76f8, 0x6080, 0x0000, 0x76f8, 0x6081,
	0x0000, 0x76f8, 0x6009, 0x0000, 0x76f8,
	0x6000, 0x0000, 0x76f8, 0x6002, 0x0000,
	0xf074, 0x22b7, 0xf074, 0x2e46, 0xf074,
	0x3c5b, 0xf074, 0x42c7, 0xf074, 0x4596,
	0xf074, 0x2265, 0xf074, 0x470f, 0xf074,
	0x2ef3, 0xf074, 0x2a1d, 0xf273, 0x2250,
	0xee01, 0xf495, 0x7210, 0x6001, 0xeeff,
	0x7080, 0x57fb, 0x70e8, 0x0003, 0x74fb,
	0x70e8, 0xfffe, 0x74fc, 0x7098, 0x74fd,
	0x76e8, 0x0004, 0x0100, 0xee01, 0x76e0,
	0xfffe, 0x80c0, 0xfc00, 0xeeff, 0x76f8,
	0x6082, 0x0000, 0xee01, 0x76f8, 0x6084,
	0x0000, 0x76f8, 0x6083, 0x0000, 0xfc00,
	0xeefd, 0x480b, 0xf847, 0x2287, 0xf310,
	0x0001, 0x8910, 0x7000, 0x0010, 0x7710,
	0x0002, 0x7001, 0x0010, 0xf495, 0x7101,
	0x0010, 0x6c88, 0x227c, 0x7100, 0x0010,
	0x6c88, 0x2278, 0xee03, 0xfc00, 0xeefd,
	0x480b, 0xf847, 0x22b5, 0xf310, 0x0001,
	0x8910, 0x7000, 0x0010, 0x7710, 0x0518,
	0x7001, 0x0010, 0xf495, 0xf495, 0xf495,
	0xf495, 0xf495, 0xf495, 0xf495, 0xf495,
	0xf495, 0xf495, 0xf495, 0xf495, 0xf495,
	0xf495, 0xf495, 0xf495, 0xf495, 0xf495,
	0xf495, 0xf495, 0xf495, 0xf495, 0xf495,
	0x7101, 0x0010, 0x6c88, 0x2294, 0x7100,
	0x0010, 0x6c88, 0x2290, 0xee03, 0xfc00,
	0x7211, 0x6004, 0x7710, 0x0002, 0x76e9,
	0x0115, 0x0400, 0x76e9, 0x0080, 0x0400,
	0x76e9, 0xfeb7, 0x0014, 0x70e9, 0x0022,
	0x0010, 0x7699, 0x0006, 0x6de9, 0xffbd,
	0x7691, 0x2000, 0x76b1, 0x2000, 0x7710,
	0x0004, 0x7212, 0x6003, 0x76b1, 0x0400,
	0x7710, 0x0003, 0x7689, 0x0066, 0x76b1,
	0x000d, 0x6db2, 0x7710, 0xfffe, 0x7691,
	0x3fff, 0xe904, 0x81b1, 0x7710, 0x000a,
	0x7213, 0x6007, 0x76b1, 0x005f, 0x7710,
	0x0004, 0x11eb, 0x0016, 0x76b2, 0x8000,
	0xf785, 0xf020, 0x1e70, 0x7214, 0x6005,
	0x7710, 0x000b, 0x6ff8, 0x000b, 0x0d20,
	0x7691, 0x000f, 0xe802, 0x6dec, 0x0067,
	0x76b2, 0x8010, 0x8091, 0x4814, 0x7710,
	0x0020, 0xeefd, 0x7eb1, 0x7710, 0xfffe,
	0x8191, 0x76b2, 0x8000, 0x11e3, 0x00c0,
	0x7710, 0x004c, 0xf785, 0xf020, 0x1e70,
	0x6ff8, 0x000b, 0x0d20, 0xee03, 0x7682,
	0x0000, 0x76e2, 0xfff8, 0x0001, 0x81b1,
	0xf273, 0x4482, 0x7681, 0x1402, 0x76f8,
	0xd056, 0x000b, 0x76f8, 0xd057, 0x000b,
	0x76f8, 0xd052, 0x000b, 0x76f8, 0xdd02,
	0x0000, 0x76f8, 0xdd01, 0x0000, 0x76f8,
	0xdd08, 0x0003, 0x76f8, 0xdd03, 0x0000,
	0x76f8, 0xdd04, 0x0034, 0x76f8, 0xdd05,
	0x0000, 0xeeff, 0x76f8, 0xdd03, 0x0002,
	0xee01, 0x76f8, 0xdd04, 0x0002, 0xfc00,
	0x7210, 0x6005, 0xeeff, 0x10e8, 0x0068,
	0x76f8, 0xd051, 0x0000, 0x76f8, 0xd054,
	0x0003, 0x76f8, 0xd053, 0x0002, 0xf493,
	0x6080, 0x0001, 0xfa30, 0x235d, 0xf030,
	0x0001, 0x76f8, 0xd052, 0x000b, 0xf073,
	0x2360, 0x76f8, 0xd052, 0x0004, 0x7210,
	0x6003, 0x76f8, 0xd601, 0x1102, 0x76f8,
	0xd602, 0x0000, 0xf444, 0x60e0, 0x0010,
	0x0001, 0xf830, 0x2377, 0xf040, 0x0803,
	0x80f8, 0xd607, 0x76f8, 0xd608, 0x0000,
	0xf073, 0x237e, 0xf040, 0x0003, 0x80f8,
	0xd607, 0x76f8, 0xd608, 0x0102, 0xee01,
	0xfc00, 0xeeff, 0xf074, 0x251d, 0xf074,
	0x2578, 0xf273, 0x265c, 0xee01, 0xf495,
	0x7210, 0x6007, 0xeeff, 0x7211, 0x6005,
	0x60e0, 0x01a0, 0x8003, 0xf830, 0x23b1,
	0xe710, 0x71e8, 0x0004, 0x0012, 0x6de8,
	0x0030, 0x6c82, 0x23a0, 0x76f8, 0xd505,
	0x0004, 0xf073, 0x23a3, 0x76f8, 0xd505,
	0x0044, 0x7180, 0x0010, 0x6c80, 0x23ac,
	0x76f8, 0xd504, 0x0004, 0xf073, 0x23cc,
	0x76f8, 0xd504, 0x0044, 0xf073, 0x23cc,
	0x71e8, 0x0004, 0x0012, 0x6de8, 0x00c0,
	0x6c82, 0x23bd, 0x76f8, 0xd505, 0x0004,
	0xf073, 0x23c0, 0x76f8, 0xd505, 0x0044,
	0x7180, 0x0010, 0x6c80, 0x23c9, 0x76f8,
	0xd504, 0x0004, 0xf073, 0x23cc, 0x76f8,
	0xd504, 0x0044, 0xe833, 0x18e1, 0x0063,
	0x80f8, 0xd024, 0x76f8, 0xd501, 0x0003,
	0xee01, 0x76f8, 0xd500, 0x0003, 0xfc00,
	0x76f8, 0xd400, 0x3302, 0x76f8, 0xd408,
	0x0000, 0x76f8, 0xd400, 0x3303, 0x71f8,
	0x600a, 0xd401, 0xeeff, 0x76f8, 0xd405,
	0x0713, 0xee01, 0x76f8, 0xd407, 0x0000,
	0xfc00, 0x7211, 0x6007, 0xeefd, 0x60e1,
	0x01a0, 0x8003, 0xf830, 0x2425, 0x7211,
	0x6005, 0x7710, 0x0030, 0xe712, 0x6fb1,
	0x0c58, 0x7710, 0xffd1, 0xe713, 0xf030,
	0x0003, 0x6fb1, 0x0d58, 0xf330, 0x0003,
	0xf44c, 0xf748, 0xf1a0, 0xe803, 0x8100,
	0xf540, 0x1882, 0xf444, 0x1983, 0x1a00,
	0x7710, 0x0030, 0xf2a0, 0x80f8, 0xd01e,
	0x6fb1, 0x0c48, 0x7710, 0xffd1, 0x1ab1,
	0x7710, 0x0030, 0x80f8, 0xd01c, 0x6fb1,
	0x0c48, 0x1a81, 0x80f8, 0xd01d, 0xf073,
	0x2450, 0x7710, 0x00c0, 0xe712, 0x6fb1,
	0x0c58, 0x7710, 0xff41, 0xe713, 0xf030,
	0x0003, 0x6fb1, 0x0d58, 0xf330, 0x0003,
	0xf44c, 0xf748, 0xf1a0, 0xe803, 0x8100,
	0xf540, 0x1882, 0xf444, 0x1983, 0x1a00,
	0x7710, 0x00c0, 0xf2a0, 0x80f8, 0xd01e,
	0x6fb1, 0x0c48, 0x7710, 0xff41, 0x1ab1,
	0x7710, 0x00c0, 0x80f8, 0xd01c, 0x6fb1,
	0x0c48, 0x1a81, 0x80f8, 0xd01d, 0xee03,
	0xfc00, 0x76f8, 0xd00d, 0x0100, 0xeeff,
	0x76f8, 0xd05d, 0x0000, 0xee01, 0x76f8,
	0xd079, 0x0000, 0xfc00, 0x76f8, 0xdf00,
	0x03fc, 0xeeff, 0x76f8, 0xdf01, 0x389f,
	0xf074, 0x231f, 0xf074, 0x2343, 0xf074,
	0x2389, 0xf074, 0x23ee, 0xf074, 0x23d9,
	0xf074, 0x2452, 0xf074, 0x2d5b, 0xf273,
	0x2380, 0xee01, 0xf495, 0x770e, 0x0001,
	0xeeff, 0x34f8, 0x000b, 0xf820, 0x2484,
	0x76f8, 0xd903, 0x4000, 0x76f8, 0x6084,
	0x0001, 0x770e, 0x0005, 0x7210, 0x6003,
	0x34f8, 0x000b, 0xf820, 0x2494, 0x76f8,
	0xd903, 0x0400, 0x7680, 0x000f, 0x76e0,
	0x0002, 0x0000, 0x60f8, 0x6002, 0x0000,
	0xf830, 0x24c2, 0x7211, 0x6004, 0x60e9,
	0x0074, 0x0001, 0x6de9, 0xffcf, 0xf830,
	0x24a7, 0xe9ff, 0x19f8, 0xd620, 0xf073,
	0x24af, 0x11f8, 0xd620, 0xf330, 0xff00,
	0xf6b8, 0x6ff8, 0x000b, 0x0d58, 0x490b,
	0x0b81, 0xf84c, 0x24bc, 0x76e0, 0x0008,
	0x0001, 0xf274, 0x2b5b, 0xf7b8, 0xf495,
	0xf073, 0x24bd, 0xf7b8, 0x76f8, 0x6002,
	0x0000, 0xf073, 0x24c3, 0xf7b8, 0xee01,
	0xfc00, 0x7211, 0x6007, 0xeef1, 0x60e1,
	0x01fa, 0x0002, 0xe802, 0xfa30, 0x24d1,
	0xe900, 0x810a, 0xf640, 0x6f0b, 0x0c87,
	0x7711, 0x0001, 0x00f8, 0x0011, 0x6f0c,
	0x0c87, 0x710b, 0x0012, 0xe800, 0x4e08,
	0x7210, 0x6006, 0x6ff8, 0x6087, 0x0e00,
	0x880e, 0xf066, 0x0006, 0x6db2, 0x8810,
	0xe800, 0x4e02, 0x6db2, 0x5692, 0x4e00,
	0x5692, 0x4e04, 0x5682, 0x4e06, 0x700d,
	0x0011, 0xf074, 0x2757, 0xe800, 0x110a,
	0x4e08, 0x7210, 0x6006, 0x710c, 0x0011,
	0x6ff8, 0x6087, 0x0e00, 0x880e, 0xf066,
	0x0006, 0x6db1, 0x8810, 0xe800, 0x4e02,
	0x6db1, 0x5691, 0x4e00, 0x5691, 0x4e04,
	0xf300, 0x000d, 0x5681, 0x4e06, 0x810a,
	0xf074, 0x2757, 0x110a, 0x710d, 0x0011,
	0xf310, 0x000c, 0x710b, 0x0012, 0x810a,
	0x6c89, 0x24db, 0xee0f, 0xfc00, 0xeee5,
	0xe782, 0xe720, 0x57f8, 0x48b4, 0x4fea,
	0x0010, 0x57f8, 0x48ae, 0x4fe8, 0x0006,
	0xe900, 0x4f08, 0x56f8, 0x48b0, 0x4e0a,
	0x56f8, 0x48b2, 0x4e0c, 0x4f12, 0xf020,
	0x041d, 0x4e14, 0x4e16, 0x4f0e, 0x4f18,
	0x7002, 0x0012, 0x7003, 0x0010, 0xf074,
	0x24c5, 0x7103, 0x0012, 0xf274, 0x2783,
	0xe902, 0xf495, 0x7103, 0x0012, 0xf274,
	0x2783, 0xe90f, 0xf495, 0x7102, 0x0012,
	0xf274, 0x2783, 0xe903, 0xf495, 0x7102,
	0x0012, 0xf274, 0x2783, 0xe910, 0xf495,
	0xe900, 0x8102, 0x7712, 0x0003, 0x7003,
	0x0012, 0xf074, 0x279d, 0x1102, 0xf300,
	0x000d, 0x8104, 0xf074, 0x279d, 0x7600,
	0x0014, 0x1102, 0xf074, 0x27ac, 0x7600,
	0x0014, 0x1104, 0xf074, 0x27ac, 0x7103,
	0x0012, 0x1104, 0xf310, 0x000c, 0x6e8a,
	0x2559, 0xf495, 0x8102, 0xee1b, 0xfc00,
	0xeedd, 0xe782, 0xe721, 0x57f8, 0x48bc,
	0x4fea, 0x0018, 0x57f8, 0x48b6, 0x4fe9,
	0x000e, 0xe900, 0x4f1a, 0xf020, 0x0f62,
	0x4e1c, 0x4e1e, 0x4f10, 0x56f8, 0x48b8,
	0x7213, 0x6007, 0x4e12, 0x56f8, 0x48ba,
	0x60e3, 0x01fa, 0x0002, 0x4e14, 0x4f20,
	0x700a, 0x0012, 0x700b, 0x0011, 0xfa30,
	0x259f, 0x4f16, 0xe902, 0xe900, 0x6f0c,
	0x0d87, 0x7212, 0x6006, 0x710c, 0x0010,
	0x770e, 0x0006, 0x810d, 0x6db2, 0x21f8,
	0x6087, 0x8910, 0xe900, 0x6dea, 0x0024,
	0x4f08, 0x6db2, 0xe900, 0x5692, 0x4f02,
	0x5792, 0x4e00, 0x5682, 0x4e06, 0x4f04,
	0xf274, 0x2757, 0xe904, 0xf495, 0x710b,
	0x0012, 0xf274, 0x2783, 0xe905, 0xf495,
	0xe901, 0x7210, 0x6006, 0x710c, 0x0012,
	0x01f8, 0x6087, 0x890e, 0x6db2, 0xf166,
	0x0006, 0x8910, 0x6dea, 0x0024, 0xe900,
	0x6db2, 0x4f08, 0xe800, 0x5792, 0x4e02,
	0x5692, 0x4f00, 0x5782, 0x4f06, 0x4e04,
	0xf274, 0x2757, 0xe906, 0xf495, 0x710a,
	0x0012, 0xf274, 0x2783, 0xe907, 0xf495,
	0x710a, 0x0012, 0xf274, 0x2783, 0xe908,
	0xf495, 0x110d, 0xf300, 0x0001, 0x6f0c,
	0x0d87, 0x7212, 0x6006, 0x710c, 0x0010,
	0x63f8, 0x6087, 0x0006, 0x6db2, 0x8910,
	0x6dea, 0x0024, 0xe900, 0x6db2, 0x4f08,
	0xe800, 0x5792, 0x4e02, 0x5692, 0x4f00,
	0x5782, 0x4f06, 0x4e04, 0xf274, 0x2757,
	0xe911, 0xf495, 0x710b, 0x0012, 0xf274,
	0x2783, 0xe912, 0xf495, 0xe901, 0x7210,
	0x6006, 0x710c, 0x0012, 0x01f8, 0x6087,
	0x890e, 0x6db2, 0xf166, 0x0006, 0x8910,
	0x6dea, 0x0024, 0xe900, 0x6db2, 0x4f08,
	0xe800, 0x5792, 0x4e02, 0x5692, 0x4f00,
	0x5782, 0x4f06, 0x4e04, 0xf274, 0x2757,
	0xe913, 0xf495, 0x710a, 0x0012, 0xf274,
	0x2783, 0xe914, 0xf495, 0x710a, 0x0012,
	0xf274, 0x2783, 0xe915, 0xf495, 0xe904,
	0x810a, 0x8912, 0x700b, 0x0012, 0xf074,
	0x279d, 0x110a, 0xf300, 0x000d, 0x810c,
	0xf074, 0x279d, 0x7600, 0x0014, 0x110a,
	0xf074, 0x27ac, 0x7600, 0x0014, 0x110c,
	0xf074, 0x27ac, 0x710b, 0x0012, 0x110c,
	0xf310, 0x000c, 0x6e8a, 0x263d, 0xf495,
	0x810a, 0xee23, 0xfc00, 0x7212, 0x6007,
	0x60e2, 0x01fa, 0x0002, 0xfa30, 0x2666,
	0xe902, 0xeef7, 0xe900, 0xf647, 0xf300,
	0x0001, 0x8811, 0x7210, 0x6006, 0xf747,
	0x8913, 0xf000, 0x0048, 0x6db1, 0xf300,
	0x0048, 0x6de9, 0x0070, 0x6db3, 0x8812,
	0x8103, 0x8002, 0x7311, 0x609c, 0x6deb,
	0x0070, 0xe909, 0xe800, 0x7313, 0x609d,
	0x8104, 0x7711, 0x0003, 0x8005, 0x7210,
	0x6006, 0x7006, 0x0011, 0x6db2, 0x8810,
	0xf274, 0x2783, 0xf495, 0x6db2, 0x7210,
	0x6006, 0x7103, 0x0011, 0x1104, 0xf300,
	0x000d, 0x6db1, 0x7105, 0x0012, 0x8104,
	0xe710, 0xf274, 0x2783, 0xf495, 0x6db2,
	0x7106, 0x0011, 0x1005, 0x1104, 0xf000,
	0x000a, 0xf310, 0x000c, 0x7102, 0x0012,
	0x6e89, 0x2685, 0x8104, 0x8005, 0xe909,
	0x8102, 0x7712, 0x0003, 0x7003, 0x0012,
	0xf074, 0x279d, 0x1102, 0xf300, 0x000d,
	0x8104, 0xf074, 0x279d, 0x7600, 0x0014,
	0x1102, 0xf074, 0x27ac, 0x7600, 0x0014,
	0x1104, 0xf074, 0x27ac, 0x7103, 0x0012,
	0x1104, 0xf310, 0x000c, 0x6e8a, 0x26b1,
	0xf495, 0x8102, 0xee09, 0xfc00, 0xeeff,
	0xf744, 0xf310, 0x2ef4, 0x8910, 0x3003,
	0x1102, 0x7690, 0x0000, 0x7690, 0x0000,
	0xee01, 0xfe00, 0x8190, 0x8c80, 0xeef3,
	0x60f8, 0x000b, 0x0006, 0xf830, 0x272f,
	0x60f8, 0x000b, 0x0004, 0xf820, 0x2755,
	0xe900, 0x4f06, 0xe800, 0x57f8, 0x48c0,
	0x4e08, 0x4f00, 0x57f8, 0x48c2, 0x56f8,
	0x48c4, 0x4f02, 0x4e04, 0xf274, 0x2757,
	0xe900, 0xf495, 0x57f8, 0x48c6, 0x4f00,
	0x57f8, 0x48c8, 0x4f02, 0x57f8, 0x48ca,
	0x4f08, 0xf020, 0x0cd3, 0xe900, 0x4e04,
	0x4f06, 0xf274, 0x2757, 0xe901, 0xf495,
	0x57f8, 0x48c8, 0x4f02, 0x57f8, 0x48ca,
	0x4f08, 0x57f8, 0x48c6, 0x4f00, 0xe900,
	0xf020, 0x0cd3, 0x4f06, 0x4e04, 0xf274,
	0x2757, 0xe902, 0xf495, 0x7600, 0x0000,
	0x7601, 0x0047, 0xf274, 0x26d0, 0xe900,
	0xf495, 0xf274, 0x279d, 0xe901, 0xf495,
	0xf273, 0x279d, 0xe902, 0xee0d, 0xe900,
	0x7710, 0x0001, 0x56f8, 0x48be, 0x810a,
	0x4e00, 0xf020, 0x4bca, 0x4e04, 0xe800,
	0x4e08, 0xe800, 0x4e02, 0xf020, 0x4bca,
	0x4e06, 0x700b, 0x0010, 0xf074, 0x2757,
	0x110a, 0xf074, 0x279d, 0x110a, 0x710b,
	0x0010, 0xf300, 0x0001, 0x810a, 0x56f8,
	0x48be, 0x6c88, 0x2735, 0xf273, 0x3d02,
	0xee0d, 0xf495, 0xee0d, 0xfc00, 0xeeff,
	0xf744, 0xf310, 0x2f00, 0x5602, 0x8910,
	0xf450, 0x57f8, 0x2f6a, 0xf280, 0x8090,
	0x5602, 0xf280, 0x8090, 0x5604, 0xf450,
	0xf280, 0x8090, 0x5604, 0xf280, 0x8090,
	0x5606, 0xf450, 0xf280, 0x8090, 0x5606,
	0xf280, 0x8090, 0x5608, 0xf450, 0xf280,
	0x8090, 0x5608, 0xf280, 0x8090, 0x560a,
	0xf450, 0xf280, 0x8090, 0x560a, 0xee01,
	0xfe00, 0xf280, 0x8080, 0xf744, 0x771a,
	0x0004, 0xf210, 0x2f00, 0xf6b8, 0x57f8,
	0x48cc, 0xf272, 0x2798, 0xeeff, 0x8810,
	0x5682, 0xf190, 0x8190, 0x5792, 0x56f8,
	0x48cc, 0xf280, 0x8090, 0x57f8, 0x48cc,
	0xee01, 0xfe00, 0xf7b8, 0xf495, 0xf744,
	0xf310, 0x2ef4, 0x8910, 0xeeff, 0xee01,
	0x7690, 0x0000, 0x7690, 0x0000, 0x7690,
	0x0000, 0xfe00, 0x7680, 0x0000, 0xeeff,
	0xf744, 0xf310, 0x2ef6, 0x3002, 0xee01,
	0x8910, 0xfe00, 0x8c90, 0x8c80, 0xeefd,
	0x890e, 0xe802, 0xf540, 0x19f8, 0xd308,
	0x60f8, 0x000b, 0x0002, 0xf830, 0x27b9,
	0x5606, 0xf450, 0x57f8, 0x48ce, 0xf280,
	0x80f8, 0xd302, 0x5606, 0xf280, 0x80f8,
	0xd303, 0x1004, 0xf067, 0x000d, 0x80f8,
	0xd300, 0x7105, 0xd301, 0x76f8, 0xd304,
	0x0001, 0xe802, 0xf540, 0x19f8, 0xd308,
	0x60f8, 0x000b, 0x0002, 0xf830, 0x27d7,
	0x7000, 0xd306, 0x7001, 0xd307, 0x5600,
	0xee03, 0xfc00, 0xeef5, 0x7212, 0x6004,
	0xe781, 0xe715, 0x6dea, 0x00d0, 0x8914,
	0x76e9, 0x0008, 0x0000, 0xe723, 0xe740,
	0xe716, 0x76ed, 0x0009, 0x0000, 0x30ea,
	0x0020, 0x8cb1, 0x7210, 0x6008, 0x4815,
	0x7fe2, 0x0080, 0x6de8, 0x0006, 0x6ff8,
	0x0012, 0x0d81, 0xe705, 0x6db2, 0xe801,
	0x6ded, 0xfffe, 0x8100, 0xe740, 0xe757,
	0x6f00, 0x0d00, 0xf180, 0x6db5, 0x1000,
	0x6ff8, 0x0010, 0x0c87, 0x6db3, 0x8910,
	0x6def, 0xfffc, 0x4817, 0x6db6, 0x6db7,
	0x8810, 0x3092, 0x2181, 0x6db4, 0x2084,
	0x4e00, 0x4f02, 0x5700, 0x3082, 0xf751,
	0x2087, 0x4f04, 0x4e00, 0x5702, 0x2086,
	0x4e02, 0x5602, 0xf751, 0xf511, 0x890e,
	0x4f02, 0x5700, 0x5604, 0xf611, 0x1185,
	0x4f04, 0x4e06, 0x21f8, 0x000c, 0x8c00,
	0x5602, 0x7985, 0x0009, 0x770e, 0x0010,
	0xf78f, 0x5606, 0x4f02, 0x880e, 0x5704,
	0x21f8, 0x000c, 0x8c01, 0x7985, 0x0009,
	0x770e, 0x0010, 0xf78f, 0x3001, 0x2485,
	0xf600, 0x3000, 0x80e3, 0x002a, 0x2585,
	0x5202, 0xf120, 0x4e20, 0x4e00, 0xf640,
	0x6deb, 0x0022, 0x5900, 0xf84e, 0x2868,
	0x5100, 0x5600, 0xf84b, 0x2864, 0xf273,
	0x286a, 0x8083, 0xf495, 0xf273, 0x286a,
	0x7683, 0xb1e0, 0x7683, 0x4e20, 0xee0b,
	0xfc00, 0xeef3, 0x7210, 0x6004, 0x6f04,
	0x0d87, 0x7104, 0x0011, 0x6de8, 0x00d0,
	0x6db1, 0xe703, 0x10e9, 0x0022, 0x08e9,
	0x0008, 0x880e, 0x8912, 0x8106, 0x21eb,
	0xff7a, 0xe720, 0x4f08, 0x80e9, 0xfff9,
	0x5708, 0x6deb, 0x000a, 0x10e9, 0x0021,
	0x6f05, 0x0d93, 0x6db3, 0x6f83, 0x0d00,
	0x1005, 0x6ff8, 0x000b, 0x0d20, 0x8105,
	0x6de9, 0xffe0, 0x1105, 0x4f02, 0x7601,
	0x0000, 0x7007, 0x0011, 0x7600, 0x0000,
	0xf274, 0x27b6, 0x4912, 0xf495, 0x7212,
	0x6004, 0x7107, 0x0011, 0x7104, 0x0010,
	0x880e, 0x6dea, 0x0115, 0x8091, 0x6db2,
	0xf020, 0x0400, 0x2182, 0x0882, 0x880e,
	0x2005, 0x4f04, 0x5704, 0x4e04, 0x5604,
	0xf756, 0xf516, 0x8181, 0x11f8, 0x000b,
	0x4f02, 0x1106, 0x7004, 0x0011, 0x7600,
	0x0001, 0x7601, 0x0002, 0xf074, 0x27b6,
	0x7211, 0x6004, 0x7106, 0x0010, 0x63f8,
	0x0008, 0x000c, 0x7104, 0x0012, 0x6de9,
	0x0070, 0x6db1, 0x890e, 0x2081, 0x819a,
	0x4e04, 0x5704, 0xee0d, 0x6fe2, 0x0003,
	0x0d93, 0xfc00, 0x7211, 0x6004, 0x6ff8,
	0x0010, 0x0d87, 0x6de9, 0x00d0, 0xe717,
	0xeeef, 0x6db1, 0xe782, 0xe720, 0x8914,
	0x8104, 0x76e8, 0x000e, 0x0000, 0x76ea,
	0x000f, 0x0000, 0x4810, 0x7fef, 0x0030,
	0x4812, 0x7fef, 0x0080, 0xf120, 0x7fff,
	0x6def, 0xfec8, 0x6f0e, 0x0e00, 0xf842,
	0x28ff, 0x760e, 0x8001, 0xe743, 0x010f,
	0x6db4, 0xf84a, 0x2906, 0x760f, 0x8001,
	0x4813, 0xe901, 0xf600, 0xf280, 0x8812,
	0xe726, 0x7215, 0x6008, 0x6db2, 0xe770,
	0x4913, 0x6ded, 0x000c, 0x6db6, 0x4815,
	0x6ff8, 0x0010, 0x0d81, 0x6db5, 0x8810,
	0x4817, 0xe707, 0x8810, 0x3095, 0x2084,
	0xe734, 0x4e06, 0x6db3, 0x2183, 0x3085,
	0x4f0a, 0x2182, 0x2086, 0x4e08, 0x5606,
	0x7710, 0xfffe, 0x4f06, 0xf451, 0x5706,
	0xf611, 0x6db7, 0xe742, 0xe770, 0x8005,
	0x3005, 0x6db4, 0x1184, 0x4f06, 0x21f8,
	0x000c, 0x7984, 0x0009, 0x3005, 0x2484,
	0x770e, 0x0010, 0xf78f, 0xf500, 0xe713,
	0x4f0c, 0x81e9, 0x0032, 0x570a, 0xf751,
	0x5608, 0xf511, 0x890e, 0x5606, 0x8c05,
	0x20f8, 0x0009, 0x7884, 0x000c, 0x770e,
	0x0010, 0xf48f, 0x3005, 0x2584, 0xf500,
	0x7710, 0xfffc, 0x6de9, 0x0006, 0x81b1,
	0x560c, 0x4808, 0x6ff8, 0x000b, 0x0d20,
	0xe734, 0x10e2, 0x60d2, 0x7005, 0x0011,
	0xf010, 0x00c8, 0x6deb, 0x0033, 0xfa42,
	0x2974, 0x7006, 0x0013, 0x76e4, 0x0037,
	0x0000, 0xf273, 0x29c3, 0x7106, 0x0011,
	0x11f8, 0x000b, 0x7601, 0x0004, 0x4f02,
	0x7600, 0x0004, 0xf274, 0x27b6, 0x4912,
	0xf495, 0x7211, 0x6004, 0x880e, 0x11e1,
	0x004e, 0x21f8, 0x000c, 0x8c07, 0x79e1,
	0x004e, 0x0009, 0x3007, 0x24e1, 0x004e,
	0x770e, 0x0010, 0xf78f, 0xf500, 0x770e,
	0x0005, 0x8107, 0x20f8, 0x000c, 0x2507,
	0x4f08, 0x3007, 0xe905, 0x28f8, 0x000c,
	0x770e, 0x0010, 0xf58f, 0x5608, 0xf600,
	0x4e08, 0x7106, 0x0012, 0x5708, 0xe721,
	0x6ff8, 0x000e, 0x0d94, 0x8c92, 0x2192,
	0x4f06, 0x5706, 0xf653, 0x880e, 0x1182,
	0xe723, 0x21f8, 0x000c, 0x8c06, 0x7992,
	0x0009, 0x770e, 0x0010, 0xf78f, 0x3006,
	0x2483, 0xf600, 0x4e06, 0x5706, 0x6f06,
	0x0d96, 0x1106, 0x0992, 0x8182, 0x7213,
	0x6004, 0xe732, 0x7104, 0x0010, 0x6deb,
	0x0046, 0x7105, 0x0014, 0xe735, 0x1184,
	0x6db3, 0x0983, 0xfa4d, 0x29f3, 0x3083,
	0x8c05, 0x7710, 0x0002, 0x21b1, 0x4f06,
	0x5706, 0xf653, 0x880e, 0x1181, 0xe713,
	0x21f8, 0x000c, 0x8c06, 0x79b1, 0x0009,
	0x770e, 0x0010, 0xf78f, 0x3006, 0x2483,
	0xf600, 0x4e06, 0x5706, 0x6f06, 0x0d96,
	0x7710, 0xfffe, 0x1106, 0x0989, 0x81b1,
	0x3005, 0x8c81, 0x6004, 0x0001, 0xe901,
	0x6dea, 0x004d, 0xf820, 0x29fc, 0x0182,
	0x8182, 0x11e5, 0x0007, 0xf310, 0x0002,
	0xf84b, 0x2a1b, 0x771a, 0x0001, 0x7710,
	0x00b9, 0xf272, 0x2a1a, 0x76b2, 0x0000,
	0x1182, 0x1082, 0xf846, 0x2a16, 0x1082,
	0xf842, 0x2a19, 0xf300, 0x0001, 0x8182,
	0xf073, 0x2a19, 0xf310, 0x0001, 0x8182,
	0x6dea, 0x0080, 0xee11, 0xfc00, 0xeeff,
	0xee01, 0x76f8, 0x6085, 0x0000, 0x76f8,
	0x6086, 0x0000, 0x76f8, 0x6087, 0x0000,
	0xfc00, 0x76f8, 0xd609, 0x0001, 0x68f8,
	0xd608, 0xfffe, 0x76f8, 0xd604, 0x0070,
	0x76f8, 0xd610, 0x0031, 0xeeff, 0x76f8,
	0xd60a, 0x0001, 0xf274, 0x2271, 0xe964,
	0xf495, 0x770e, 0x000f, 0x34f8, 0xd600,
	0xf830, 0x2a3f, 0x76f8, 0xd604, 0x0071,
	0x76f8, 0xd610, 0x0002, 0x76f8, 0xd60a,
	0x0001, 0xf274, 0x2271, 0xe964, 0xf495,
	0x770e, 0x000f, 0x34f8, 0xd600, 0xf830,
	0x2a52, 0x7210, 0x6008, 0x60e0, 0x0010,
	0x0002, 0xf830, 0x2a72, 0x76f8, 0xd604,
	0x0072, 0x76f8, 0xd610, 0x00c8, 0x76f8,
	0xd60a, 0x0001, 0xf274, 0x2271, 0xe964,
	0xf495, 0x770e, 0x000f, 0x34f8, 0xd600,
	0xf830, 0x2a6c, 0xf073, 0x2a85, 0x76f8,
	0xd604, 0x0072, 0x76f8, 0xd610, 0x0078,
	0x76f8, 0xd60a, 0x0001, 0xf274, 0x2271,
	0xe964, 0xf495, 0x770e, 0x000f, 0x34f8,
	0xd600, 0xf830, 0x2a81, 0xee01, 0xfc00,
	0x76f8, 0xd609, 0x0001, 0x68f8, 0xd608,
	0xfffe, 0x76f8, 0xd604, 0x0076, 0x76f8,
	0xd610, 0x0002, 0xeeff, 0x76f8, 0xd60a,
	0x0001, 0xf274, 0x2271, 0xe964, 0xf495,
	0x770e, 0x000f, 0x34f8, 0xd600, 0xf830,
	0x2a9d, 0x76f8, 0xd604, 0x0045, 0x76f8,
	0xd610, 0x0059, 0x76f8, 0xd60a, 0x0001,
	0xf274, 0x2271, 0xe964, 0xf495, 0x770e,
	0x000f, 0x34f8, 0xd600, 0xf830, 0x2ab0,
	0x76f8, 0xd604, 0x0044, 0x76f8, 0xd610,
	0x0003, 0x76f8, 0xd60a, 0x0001, 0xf274,
	0x2271, 0xe964, 0xf495, 0x770e, 0x000f,
	0x34f8, 0xd600, 0xf830, 0x2ac3, 0xee01,
	0xfc00, 0x76f8, 0xd609, 0x0003, 0x68f8,
	0xd608, 0xfffe, 0x76f8, 0xd604, 0x007c,
	0x76f8, 0xd610, 0xaba4, 0x76f8, 0xd611,
	0x0004, 0xeeff, 0x76f8, 0xd60a, 0x0001,
	0xf274, 0x2271, 0xe932, 0xf495, 0x76f8,
	0xd604, 0x007c, 0x76f8, 0xd610, 0x82a5,
	0x76f8, 0xd611, 0x0036, 0x76f8, 0xd60a,
	0x0001, 0xf274, 0x2271, 0xe932, 0xf495,
	0x76f8, 0xd604, 0x007c, 0x76f8, 0xd610,
	0x67a2, 0x76f8, 0xd611, 0x0002, 0x76f8,
	0xd60a, 0x0001, 0xf274, 0x2271, 0xe932,
	0xf495, 0x76f8, 0xd604, 0x007c, 0x76f8,
	0xd610, 0x3da0, 0x76f8, 0xd611, 0x00ba,
	0x76f8, 0xd60a, 0x0001, 0xf274, 0x2271,
	0xe932, 0xf495, 0x76f8, 0xd604, 0x007c,
	0x76f8, 0xd610, 0x0000, 0x76f8, 0xd611,
	0x0000, 0x76f8, 0xd60a, 0x0001, 0xf274,
	0x2271, 0xe932, 0xf495, 0x76f8, 0xd609,
	0x0001, 0x76f8, 0xd604, 0x0055, 0x76f8,
	0xd610, 0x0022, 0x76f8, 0xd60a, 0x0001,
	0xf274, 0x2271, 0xe932, 0xf495, 0x76f8,
	0xd604, 0x0054, 0x76f8, 0xd610, 0x0003,
	0x76f8, 0xd60a, 0x0001, 0xf273, 0x2271,
	0xe932, 0xee01, 0x76f8, 0xd609, 0x0001,
	0x68f8, 0xd608, 0xfffe, 0x76f8, 0xd604,
	0x0040, 0x76f8, 0xd610, 0x00c0, 0xeeff,
	0x76f8, 0xd60a, 0x0001, 0xf274, 0x2271,
	0xe964, 0xf495, 0x770e, 0x000f, 0x34f8,
	0xd600, 0xf830, 0x2b53, 0xf273, 0x2289,
	0xe905, 0xee01, 0x7212, 0x6004, 0xeeff,
	0x10ea, 0x00f0, 0xe721, 0x809a, 0x30ea,
	0x007f, 0x8c9a, 0x10ea, 0xff8f, 0x809a,
	0x30ea, 0x007f, 0x8c9a, 0x60e2, 0xfef3,
	0x0000, 0xe8ff, 0xfa30, 0x2bb8, 0x7712,
	0xff00, 0x18f8, 0xd623, 0x4912, 0x19f8,
	0xd624, 0x7710, 0x0080, 0xf448, 0x490b,
	0xf2b8, 0x80b1, 0xe9ff, 0x19f8, 0xd624,
	0x4812, 0x18f8, 0xd625, 0x7710, 0xff90,
	0xf748, 0x4808, 0xf1b8, 0x81b1, 0xe9ff,
	0x19f8, 0xd620, 0x4812, 0x18f8, 0xd621,
	0x7710, 0x0080, 0xf748, 0x4808, 0xf1b8,
	0x81b1, 0xe8ff, 0x18f8, 0xd621, 0x4912,
	0x19f8, 0xd622, 0x7710, 0xfec5, 0xf448,
	0x490b, 0xf2b8, 0x80b1, 0xe8ff, 0x18f8,
	0xd622, 0x4912, 0x19f8, 0xd623, 0xf448,
	0x490b, 0xf2b8, 0x8089, 0xe8ff, 0x18f8,
	0xd625, 0x4912, 0x19f8, 0xd626, 0xf448,
	0x490b, 0xf273, 0x2c66, 0xf2b8, 0x8081,
	0x7213, 0x6008, 0x30e3, 0x0010, 0x60f8,
	0x000e, 0x0002, 0xf830, 0x2c23, 0x60f8,
	0x000e, 0x0004, 0xf830, 0x2c23, 0x60f8,
	0x000e, 0x0006, 0xf830, 0x2c10, 0x18f8,
	0xd624, 0x4912, 0x19f8, 0xd623, 0x7710,
	0x0080, 0xf448, 0x490b, 0xf2b8, 0x80b1,
	0xe8ff, 0x18f8, 0xd625, 0x4912, 0x19f8,
	0xd624, 0x7710, 0xff90, 0xf448, 0x490b,
	0xf2b8, 0x80b1, 0xe8ff, 0x18f8, 0xd621,
	0x4912, 0x19f8, 0xd620, 0x7710, 0x0080,
	0xf448, 0x490b, 0xf2b8, 0x80b1, 0xe8ff,
	0x18f8, 0xd622, 0x4912, 0x19f8, 0xd621,
	0x7710, 0xfec5, 0xf448, 0x490b, 0xf2b8,
	0x80b1, 0xe8ff, 0x18f8, 0xd623, 0x4912,
	0x19f8, 0xd622, 0xf448, 0x490b, 0xf2b8,
	0x8089, 0xe8ff, 0x18f8, 0xd626, 0x4912,
	0x19f8, 0xd625, 0xf448, 0x490b, 0xf273,
	0x2c66, 0xf2b8, 0x8081, 0x7081, 0xd624,
	0x70e9, 0x0080, 0xd625, 0x70e9, 0xff90,
	0xd621, 0x70e9, 0x0080, 0xd622, 0x70e9,
	0xfec5, 0xd623, 0x70e1, 0xffff, 0xd626,
	0xf073, 0x2c66, 0x18f8, 0xd621, 0x4912,
	0x19f8, 0xd620, 0x7710, 0x0080, 0xf448,
	0x490b, 0xf2b8, 0x80b1, 0xe8ff, 0x18f8,
	0xd622, 0x4912, 0x19f8, 0xd621, 0x7710,
	0xff90, 0xf448, 0x490b, 0xf2b8, 0x80b1,
	0xe8ff, 0x18f8, 0xd624, 0x4912, 0x19f8,
	0xd623, 0x7710, 0x0080, 0xf448, 0x490b,
	0xf2b8, 0x80b1, 0xe8ff, 0x18f8, 0xd625,
	0x4912, 0x19f8, 0xd624, 0x7710, 0xfec5,
	0xf448, 0x490b, 0xf2b8, 0x80b1, 0xe8ff,
	0x18f8, 0xd626, 0x4912, 0x19f8, 0xd625,
	0xf448, 0x490b, 0xf2b8, 0x8089, 0xe8ff,
	0x18f8, 0xd623, 0x4912, 0x19f8, 0xd622,
	0xf448, 0x490b, 0xf2b8, 0x8081, 0xee01,
	0xfc00, 0x7211, 0x6003, 0x13f8, 0x6086,
	0x6de9, 0x0007, 0xf210, 0x01c2, 0xfa47,
	0x2c9f, 0xeefd, 0xe900, 0x6081, 0x8001,
	0xf820, 0x2c9f, 0x7691, 0x8010, 0x7681,
	0x0001, 0x8100, 0x7711, 0x0008, 0x7001,
	0x0011, 0xf074, 0x279d, 0x1100, 0xf300,
	0x000d, 0x8100, 0xf074, 0x279d, 0x7101,
	0x0011, 0x1100, 0xf310, 0x000c, 0x6e89,
	0x2c7f, 0xf495, 0x8100, 0xf074, 0x3d02,
	0x7211, 0x6004, 0x76f8, 0x600b, 0x0000,
	0x76e9, 0x004f, 0x0000, 0x76e1, 0x0001,
	0x0000, 0x7211, 0x6003, 0x60e1, 0x0008,
	0x0000, 0xf830, 0x2d59, 0x770e, 0x000f,
	0x34f8, 0xd600, 0xf830, 0x2d59, 0x7212,
	0x6004, 0x7213, 0x6008, 0x6dea, 0x00d0,
	0xe721, 0x11ea, 0x0020, 0xe724, 0x819a,
	0x30ea, 0x007f, 0x8c9a, 0x11ea, 0xff8f,
	0x819a, 0x11e3, 0x0010, 0x60f8, 0x000b,
	0x0002, 0x4ce2, 0x007f, 0xfa20, 0x2cca,
	0x7712, 0x0001, 0x7712, 0x0000, 0x60f8,
	0x0012, 0x0000, 0xf830, 0x2d39, 0x60f8,
	0x000b, 0x0004, 0xf830, 0x2d39, 0x60f8,
	0x0012, 0x0000, 0xf830, 0x2cf1, 0x60f8,
	0x000b, 0x0006, 0xf830, 0x2cf1, 0x7084,
	0xd613, 0x70ec, 0x0080, 0xd614, 0x70ec,
	0xff90, 0xd610, 0x70ec, 0x0080, 0xd611,
	0x70ec, 0xfec5, 0xd612, 0x70e4, 0xffff,
	0xd615, 0xf073, 0x2d4a, 0xe9ff, 0x7712,
	0xff00, 0x19f8, 0xd614, 0x4812, 0x18f8,
	0xd613, 0x7710, 0x0080, 0xf748, 0x4808,
	0xf1b8, 0x81b4, 0xe9ff, 0x19f8, 0xd615,
	0x4812, 0x18f8, 0xd614, 0x7710, 0xff90,
	0xf748, 0x4808, 0xf1b8, 0x81b4, 0xe9ff,
	0x19f8, 0xd611, 0x4812, 0x18f8, 0xd610,
	0x7710, 0x0080, 0xf748, 0x4808, 0xf1b8,
	0x81b4, 0xe9ff, 0x19f8, 0xd612, 0x4812,
	0x18f8, 0xd611, 0x7710, 0xfec5, 0xf748,
	0x4808, 0xf1b8, 0x81b4, 0xe9ff, 0x19f8,
	0xd613, 0x4812, 0x18f8, 0xd612, 0xf748,
	0x4808, 0xf1b8, 0x818c, 0xe9ff, 0x19f8,
	0xd616, 0x4812, 0x18f8, 0xd615, 0xf748,
	0x4808, 0xf273, 0x2d4a, 0xf1b8, 0x8184,
	0x7084, 0xd610, 0x70ec, 0x0080, 0xd611,
	0x70ec, 0xff90, 0xd613, 0x70ec, 0x0080,
	0xd614, 0x70ec, 0xfec5, 0xd615, 0x70e4,
	0xffff, 0xd612, 0x7212, 0x600b, 0x6c82,
	0x2d59, 0x11e9, 0x0030, 0x81e9, 0xff48,
	0x30e9, 0x0138, 0x76f8, 0x600b, 0x0001,
	0x8ce1, 0xfec9, 0xee03, 0xfc00, 0x7212,
	0x6008, 0x7710, 0x0000, 0x71ea, 0x0010,
	0x0011, 0xeefd, 0xf4a9, 0xf830, 0x2d6b,
	0x60f8, 0x0011, 0xffff, 0xf820, 0x2d9a,
	0x7211, 0x6005, 0xe723, 0x6de9, 0x006d,
	0x4812, 0x7f91, 0x3091, 0x6deb, 0xfff4,
	0x8c93, 0x1191, 0x3091, 0xe714, 0x8193,
	0x1091, 0x4814, 0x8c93, 0xe714, 0x7e93,
	0x4814, 0x3091, 0xe714, 0x7e93, 0x4814,
	0x3091, 0xe715, 0x7e93, 0x4815, 0x3091,
	0xe714, 0x7e93, 0x4814, 0x3091, 0xe716,
	0x7e93, 0x4816, 0x3091, 0x7e93, 0x4811,
	0x3091, 0x7e93, 0x4813, 0x7f91, 0x4811,
	0x7ee3, 0x0001, 0x7211, 0x6004, 0x7213,
	0x6003, 0x1182, 0x6de9, 0x0074, 0x60f8,
	0x000b, 0x0005, 0x30e3, 0x0010, 0xf830,
	0x2daa, 0xf073, 0x2dae, 0xf273, 0x2de2,
	0x8c00, 0xf495, 0x60f8, 0x000b, 0x0002,
	0xfa20, 0x2db7, 0x7712, 0x0001, 0x7712,
	0x0000, 0x60f8, 0x0012, 0x0000, 0xf830,
	0x2e15, 0x60f8, 0x000b, 0x0004, 0xf830,
	0x2e15, 0x60f8, 0x0012, 0x0000, 0xf830,
	0x2dfb, 0x60f8, 0x000b, 0x0006, 0xf830,
	0x2dfb, 0x7681, 0x0001, 0x76e9, 0xffcf,
	0x00c4, 0x76e9, 0xffff, 0x000c, 0x76e9,
	0x0008, 0x2000, 0x60f8, 0x000e, 0x0001,
	0x76e1, 0x0004, 0x4000, 0xf830, 0x2e2d,
	0xf074, 0x2ac9, 0xf073, 0x2e2d, 0x7681,
	0x0001, 0x76e9, 0xffcf, 0x00c9, 0x76e9,
	0xffff, 0x000c, 0x76e9, 0x0008, 0x21fc,
	0x6000, 0x0001, 0x76f8, 0x6087, 0x0002,
	0x76e1, 0x0004, 0x4000, 0xf830, 0x2e2d,
	0xf074, 0x2a87, 0xf073, 0x2e2d, 0x7681,
	0x0000, 0x76e9, 0xffcf, 0x008c, 0x76e9,
	0xffff, 0x000d, 0x76e9, 0x0008, 0x206c,
	0x60f8, 0x000e, 0x0001, 0x76f8, 0x6087,
	0x0004, 0x76e1, 0x0004, 0x4000, 0xf830,
	0x2e2d, 0xf074, 0x2b3d, 0xf073, 0x2e2d,
	0x7681, 0x0000, 0x76e9, 0xffcf, 0x00a2,
	0x76e9, 0xffff, 0x000c, 0x76e9, 0x0008,
	0x24b8, 0x60f8, 0x000e, 0x0001, 0x76f8,
	0x6087, 0x0000, 0x76e1, 0x0004, 0x4000,
	0xf830, 0x2e2d, 0xf074, 0x2a29, 0x7211,
	0x6004, 0x7000, 0xd602, 0x6fe1, 0x0074,
	0x0d49, 0x1b00, 0xee03, 0x81f8, 0xd602,
	0xfc00, 0xeeff, 0x7102, 0xd609, 0x69f8,
	0xd608, 0x0001, 0x81f8, 0xd604, 0xee01,
	0x76f8, 0xd60a, 0x0001, 0xfc00, 0xe800,
	0xeeff, 0x4ef8, 0x6088, 0x4ef8, 0x608c,
	0xee01, 0x4ef8, 0x608a, 0x4ef8, 0x608e,
	0x76f8, 0x6090, 0x0000, 0x76f8, 0x6091,
	0x0000, 0x76f8, 0x6092, 0x0000, 0x76f8,
	0x6093, 0x0000, 0x76f8, 0x6094, 0x0000,
	0x76f8, 0x6095, 0x0000, 0x76f8, 0x6096,
	0x0000, 0x76f8, 0x6097, 0x0000, 0x76f8,
	0x6098, 0x0000, 0xfc00, 0x890e, 0xf166,
	0x00c0, 0x8911, 0x7210, 0x6007, 0xeefb,
	0x6db1, 0x1081, 0x57f8, 0x48d0, 0xf280,
	0x4e00, 0xf6b8, 0x5700, 0xe801, 0xf84d,
	0x2e8c, 0xf120, 0x0100, 0xe802, 0x5900,
	0xf84d, 0x2e8c, 0xf120, 0x0200, 0x5900,
	0xe80a, 0xf84c, 0x2e8c, 0xe805, 0xf166,
	0x0030, 0x8911, 0x770e, 0x1461, 0x21f8,
	0x0009, 0x8000, 0x2400, 0x4e02, 0xf020,
	0x1461, 0x3000, 0x29f8, 0x0009, 0x770e,
	0x0010, 0xf78f, 0x5602, 0x7210, 0x6005,
	0xf600, 0x4e00, 0x5700, 0x6db1, 0xee05,
	0x6fe1, 0x0005, 0x0d98, 0xfe00, 0xf7b8,
	0xf495, 0x7210, 0x6005, 0xeeff, 0x60e0,
	0x0060, 0x0000, 0xf830, 0x2ec3, 0x7210,
	0x6004, 0x10e8, 0x0040, 0x1380, 0x0bf8,
	0x60b7, 0xf84d, 0x2ec3, 0xf010, 0x0800,
	0x80f8, 0xd508, 0x7180, 0x60b7, 0xee01,
	0xfc00, 0x7210, 0x6005, 0xeeff, 0x60e0,
	0x0060, 0x0000, 0xf830, 0x2ef1, 0xe801,
	0x18e8, 0x0066, 0x11e8, 0xfffd, 0xf330,
	0x0300, 0xf448, 0x6ff8, 0x000b, 0x0d58,
	0x7211, 0x6004, 0xf1a0, 0x81f8, 0xd025,
	0x76e9, 0x0040, 0x0800, 0x76f8, 0x60b7,
	0x0800, 0xe801, 0x80f8, 0xd507, 0x10e0,
	0xfffe, 0xf030, 0x3fff, 0x80f8, 0xd509,
	0x1081, 0xf010, 0x0800, 0x80f8, 0xd508,
	0xee01, 0xfc00, 0x7210, 0x6007, 0xeefd,
	0x71e8, 0x01fa, 0x0011, 0x6c81, 0x2f00,
	0x7211, 0x6006, 0x4810, 0x7fe1, 0x01f8,
	0x771a, 0x0001, 0x7712, 0x60b0, 0x7713,
	0x6010, 0x7714, 0x60b5, 0x7715, 0x60ae,
	0x7716, 0x60ac, 0xe900, 0x6de8, 0xfe1d,
	0x7600, 0x6099, 0x7601, 0x60aa, 0xf272,
	0x2f31, 0x7711, 0x609e, 0x7100, 0x0017,
	0x3090, 0x8c97, 0x7000, 0x0017, 0x4810,
	0x7101, 0x0017, 0x4f91, 0x4f91, 0x7e97,
	0x7696, 0x0000, 0x7695, 0x0000, 0x7694,
	0x0000, 0x7693, 0x0000, 0x7692, 0x0000,
	0x6de8, 0x00bf, 0x4f91, 0x7001, 0x0017,
	0x7210, 0x6004, 0xee03, 0x76e8, 0x0004,
	0x0000, 0x76e8, 0x0018, 0x0000, 0x7698,
	0x0000, 0x76e8, 0xfffd, 0x0000, 0x7698,
	0x0000, 0x76e8, 0x000b, 0x012c, 0x76f8,
	0x609b, 0x0000, 0x76f8, 0x60b2, 0x0000,
	0x76f8, 0x60b3, 0x0000, 0x76f8, 0x60b4,
	0x0000, 0x76e0, 0x0001, 0x00a0, 0xfc00,
	0x7210, 0x6004, 0xeeff, 0x76e8, 0x0008,
	0x0000, 0x7698, 0x0000, 0x76e8, 0x00d1,
	0x0000, 0x76e0, 0x0080, 0x0000, 0xf074,
	0x2ef3, 0xf273, 0x265c, 0xee01, 0xf495,
	0x0000, 0x0000, 0xffff, 0x0000, 0x21fc,
	0x7211, 0x6004, 0xeeed, 0x11f8, 0x6080,
	0x60e1, 0x0066, 0x0000, 0xf830, 0x2f84,
	0x12e1, 0x0068, 0x0af8, 0x000b, 0xf844,
	0x2f84, 0x7601, 0x0000, 0x7600, 0x0001,
	0xf074, 0x3a54, 0x7004, 0x6003, 0x7104,
	0x0011, 0x7005, 0x6004, 0x7105, 0x0012,
	0x7199, 0x0015, 0x6dea, 0x000a, 0x6e85,
	0x2f99, 0x7006, 0x0011, 0x1182, 0xf84f,
	0x2f99, 0x7682, 0x0009, 0x7216, 0x6007,
	0x1182, 0xe764, 0x7213, 0x6005, 0x8107,
	0x7008, 0x0013, 0x6007, 0x0000, 0x71ee,
	0x01a0, 0x0011, 0xfa30, 0x3316, 0x7009,
	0x0016, 0x63f8, 0x6093, 0x0030, 0xe725,
	0x8910, 0x6092, 0x0001, 0x1082, 0x8c0a,
	0x6db3, 0xfa30, 0x32b9, 0xf100, 0x0001,
	0x6007, 0x0002, 0xf830, 0x3244, 0xe732,
	0xf166, 0x00c0, 0x30eb, 0x0005, 0x8c0b,
	0x30eb, 0x0002, 0x8c0c, 0x8910, 0x30e3,
	0xffff, 0xe743, 0x11f8, 0x6090, 0x6db4,
	0xe746, 0xe760, 0xe707, 0x700d, 0x6091,
	0x6007, 0x0003, 0x6dec, 0x0007, 0x6dee,
	0x0005, 0x6de8, 0x0006, 0x810e, 0xfa30,
	0x31bd, 0x010d, 0x8c0f, 0x6007, 0x0004,
	0xfa30, 0x3143, 0x1096, 0x0086, 0x3084,
	0x6007, 0x0005, 0xf830, 0x30c0, 0x6007,
	0x0006, 0xf830, 0x3075, 0x6007, 0x0007,
	0xf830, 0x304b, 0x6007, 0x0008, 0xf830,
	0x3027, 0x6007, 0x0009, 0xf830, 0x3008,
	0x76f8, 0xd503, 0x0000, 0x76f8, 0xd502,
	0x0000, 0x7685, 0x0000, 0x7106, 0x0011,
	0xf273, 0x33ce, 0x7681, 0x0000, 0x76f8,
	0xd503, 0x0000, 0x76f8, 0xd502, 0x0000,
	0x7211, 0x6093, 0x6c81, 0x3016, 0x7109,
	0x0012, 0x6882, 0xfffe, 0x60f8, 0x0011,
	0x0001, 0x7109, 0x0011, 0xf820, 0x301f,
	0x6881, 0xfffd, 0x7685, 0x0000, 0x7106,
	0x0011, 0xf273, 0x33ce, 0x7681, 0x0000,
	0x7109, 0x0013, 0x7710, 0x0002, 0x76f8,
	0xd503, 0x0000, 0x76f8, 0xd502, 0x0000,
	0x69b3, 0x8000, 0x7710, 0xfe79, 0x63f8,
	0x6093, 0x00c0, 0x69b3, 0x4000, 0x8911,
	0x7104, 0x0012, 0x7106, 0x0014, 0xe730,
	0x7682, 0x2000, 0x7685, 0x0000, 0x7684,
	0x0000, 0x6db1, 0xf273, 0x33ce, 0x7681,
	0x0800, 0xe771, 0x300e, 0x21ef, 0x0008,
	0x300d, 0x4f04, 0x2087, 0x5704, 0x4e04,
	0x5604, 0x6f04, 0x0d96, 0x6f05, 0x0c96,
	0x3004, 0x8cef, 0x0003, 0x1105, 0x81e7,
	0xffff, 0x0104, 0x6de9, 0x000c, 0x11f8,
	0x000b, 0xf84e, 0x306b, 0x1105, 0xf273,
	0x306e, 0xf785, 0x8181, 0x1104, 0xf785,
	0x8181, 0x76e3, 0x01a3, 0x8003, 0xf273,
	0x33ce, 0x7685, 0x0008, 0x8c04, 0x30ef,
	0x0017, 0x8c06, 0x3004, 0x2197, 0x4f08,
	0x2187, 0x4f0c, 0x5708, 0x6f05, 0x0d96,
	0x570c, 0x6f07, 0x0d96, 0x1104, 0x0905,
	0x0907, 0x7710, 0xfff1, 0x0805, 0x8104,
	0x6f07, 0x0d00, 0x30b7, 0x6ff8, 0x000b,
	0x0d5f, 0x1004, 0x818f, 0x4e08, 0x5708,
	0xf685, 0x7007, 0x0017, 0x4e00, 0x8c09,
	0x7008, 0x0015, 0x57f8, 0x48d4, 0xf274,
	0x4877, 0xf785, 0xf495, 0x4e0c, 0x1104,
	0x56f8, 0x48d2, 0xf2c0, 0x4e04, 0x5704,
	0xfa4a, 0x30b0, 0x710a, 0x0011, 0x570c,
	0xf784, 0x4f0c, 0x1007, 0x570c, 0x7ff8,
	0x000b, 0x1109, 0x3006, 0x8ce1, 0x6099,
	0x81e1, 0x60aa, 0x7108, 0x0012, 0xf273,
	0x33ce, 0x7682, 0x0008, 0x110f, 0x010c,
	0x6ff8, 0x000b, 0x0d5f, 0x8104, 0x8c05,
	0x1104, 0x309f, 0x6f05, 0x0e20, 0x4f06,
	0x21f8, 0x0009, 0x8c08, 0x880e, 0x1087,
	0x29f8, 0x0009, 0x2487, 0x770e, 0x0010,
	0xf78f, 0xf500, 0x5606, 0xf485, 0x4f06,
	0x5706, 0x4e00, 0x700c, 0x0011, 0x700d,
	0x0013, 0x700e, 0x0015, 0x700b, 0x0017,
	0xf274, 0x4877, 0xf785, 0xf495, 0x4e10,
	0x1104, 0x5606, 0xf2c0, 0x4e06, 0x5606,
	0x5710, 0xf842, 0x30f3, 0xf784, 0x8911,
	0x1104, 0x6c81, 0x3103, 0x0905, 0x11f8,
	0x000b, 0xe801, 0xf84e, 0x30ff, 0xf020,
	0xffff, 0xf273, 0x3105, 0x110a, 0xf495,
	0x4811, 0x110a, 0x0008, 0xf300, 0x0004,
	0x8004, 0x1004, 0x890e, 0xf010, 0x00ff,
	0xe901, 0xfa46, 0x312e, 0xf78f, 0x1b0c,
	0x1004, 0xfa43, 0x3121, 0x710b, 0x0011,
	0x710e, 0x0012, 0x7682, 0x0001, 0x710d,
	0x0012, 0xf273, 0x313b, 0x1104, 0x8181,
	0x7109, 0x0012, 0x7681, 0x0000, 0x8182,
	0x710d, 0x0012, 0x710e, 0x0013, 0xf273,
	0x313b, 0x7683, 0x0006, 0x710e, 0x0011,
	0x710b, 0x0013, 0x1009, 0x710d, 0x0012,
	0x7ff8, 0x000b, 0x7683, 0x00ff, 0x7681,
	0x0006, 0x6f9a, 0x0d48, 0x1be2, 0x00c0,
	0x81f8, 0xd01c, 0xf073, 0x33ce, 0x8004,
	0x100b, 0xf485, 0x8105, 0x1104, 0x8000,
	0x7006, 0x0012, 0x7007, 0x0011, 0x7008,
	0x0013, 0x700c, 0x0015, 0x700d, 0x0017,
	0xf274, 0x486a, 0xf785, 0xf495, 0x1104,
	0x1d0b, 0x11f8, 0x000b, 0xf84a, 0x315e,
	0xf484, 0x11f8, 0x0008, 0xf785, 0x6ff8,
	0x000b, 0x0d5f, 0x10f8, 0x000b, 0x7106,
	0x0011, 0xf010, 0x0001, 0x8104, 0xf842,
	0x316f, 0xe901, 0x8104, 0x60e1, 0x0003,
	0x0001, 0xfa20, 0x3179, 0x710d, 0x0012,
	0x1104, 0xf784, 0x8104, 0x1005, 0x11ea,
	0x0002, 0xf843, 0x3183, 0x0904, 0xf273,
	0x3186, 0x8182, 0x110a, 0x0104, 0x8182,
	0x110a, 0x3082, 0x8c04, 0xf300, 0x0006,
	0x1004, 0x890e, 0xf010, 0x00ff, 0xe901,
	0xfa46, 0x31a9, 0xf78f, 0x1b07, 0x1004,
	0xfa43, 0x319e, 0x710c, 0x0011, 0x7108,
	0x0013, 0xf273, 0x31b4, 0x7681, 0x0001,
	0x7109, 0x0013, 0x7682, 0x0000, 0x8183,
	0x7108, 0x0013, 0xf273, 0x31b4, 0x7681,
	0x0006, 0x710c, 0x0011, 0x1009, 0x7108,
	0x0013, 0x7ff8, 0x000b, 0x7682, 0x00ff,
	0x7681, 0x0006, 0x6feb, 0x0002, 0x0d48,
	0x1be3, 0x00c0, 0x81f8, 0xd01d, 0xf073,
	0x33ce, 0xe763, 0x7105, 0x0012, 0x300e,
	0x8c96, 0xe801, 0x300b, 0x8104, 0x00ea,
	0x0067, 0xf166, 0x0007, 0x8082, 0x6ff8,
	0x000b, 0x0c51, 0xf030, 0x0003, 0xf500,
	0xf020, 0x2000, 0x6ff8, 0x000b, 0x0d3e,
	0x300d, 0x100e, 0x080d, 0x8c96, 0x8086,
	0x100e, 0x080d, 0x8105, 0xfa43, 0x3235,
	0x7108, 0x0016, 0x1082, 0x08e6, 0x006c,
	0xf846, 0x3226, 0x3084, 0x10f8, 0x000e,
	0x080c, 0x8c06, 0xf846, 0x3222, 0xf784,
	0x1080, 0x6ff8, 0x000b, 0x0d20, 0xf84b,
	0x321e, 0x1183, 0x0905, 0xf84e, 0x321e,
	0x1104, 0x300b, 0xf066, 0x000a, 0xf785,
	0x6ff8, 0x0008, 0x0c5d, 0x11f8, 0x000b,
	0x09f8, 0x0008, 0xf84b, 0x320a, 0xf273,
	0x33ce, 0x7685, 0x0004, 0x110f, 0x0906,
	0x300a, 0xf84b, 0x3213, 0xf273, 0x33ce,
	0x7685, 0x0005, 0xe901, 0xf78f, 0x1bf8,
	0x0011, 0x1009, 0x7ff8, 0x000b, 0xf273,
	0x33ce, 0x7685, 0x0006, 0xf273, 0x33ce,
	0x7685, 0x0004, 0xf273, 0x33ce, 0x7685,
	0x0005, 0x110a, 0xf300, 0x000a, 0x890e,
	0xe901, 0xf78f, 0x1bf8, 0x0011, 0x1009,
	0x7ff8, 0x000b, 0xf273, 0x33ce, 0x7685,
	0x0006, 0x110a, 0xf300, 0x0008, 0x890e,
	0xe901, 0xf78f, 0x1bf8, 0x0011, 0x1009,
	0x7ff8, 0x000b, 0xf273, 0x33ce, 0x7685,
	0x0008, 0x10f8, 0x0008, 0xf010, 0x01f4,
	0xf843, 0x32b5, 0x110a, 0xf074, 0x3a04,
	0x7211, 0x6093, 0x4911, 0x7213, 0x6004,
	0xe734, 0x6ff8, 0x0012, 0x0d81, 0x6ff8,
	0x0010, 0x0d87, 0x6deb, 0x00d2, 0x56ea,
	0x6088, 0x6db3, 0x0083, 0x4e82, 0xe801,
	0x00f8, 0x6098, 0x80f8, 0x6098, 0x10f8,
	0x0008, 0xf010, 0x00ff, 0xf847, 0x33ce,
	0x6dec, 0x000a, 0xf300, 0x0001, 0xe740,
	0xf330, 0x0001, 0xf310, 0x2afe, 0x6de8,
	0x0008, 0x8912, 0x6db1, 0x7681, 0x0000,
	0x7682, 0x0000, 0x7211, 0x6093, 0x6ff8,
	0x0011, 0x0d41, 0x76e8, 0xfff9, 0x0000,
	0x8912, 0x6de8, 0x0009, 0x6db1, 0x76f8,
	0x6098, 0x0000, 0x57ea, 0x6088, 0x6081,
	0x0001, 0xfa30, 0x32ab, 0x3081, 0xf758,
	0x60f8, 0x000e, 0xffff, 0xf820, 0x32a7,
	0x81f8, 0x6091, 0x60f8, 0x6092, 0x0001,
	0xfa30, 0x32a5, 0x7681, 0x0001, 0xf273,
	0x32a7, 0x7684, 0x0003, 0x7684, 0x0007,
	0xf273, 0x32b2, 0xe900, 0xf495, 0x81f8,
	0x6090, 0x7681, 0xffff, 0x7684, 0x0001,
	0xe900, 0x4f82, 0xf073, 0x33ce, 0xf273,
	0x33ce, 0x8182, 0xf495, 0xe751, 0x710a,
	0x0010, 0x6ded, 0x000a, 0xe754, 0x60f8,
	0x6092, 0x0001, 0x6db5, 0x7604, 0x1f9c,
	0xfa30, 0x32d6, 0x3085, 0x8c05, 0x6005,
	0x0001, 0xf830, 0x32d3, 0x30e3, 0x0009,
	0xf273, 0x32d6, 0x8c04, 0xf495, 0x30e3,
	0x0008, 0x8c04, 0x10f8, 0x0008, 0x6dec,
	0xfffe, 0x08e3, 0x000a, 0x6db4, 0xf843,
	0x330a, 0x1184, 0x3005, 0x29e3, 0x000b,
	0x10f8, 0x000b, 0x7682, 0x0000, 0x6005,
	0x0001, 0x0804, 0xf830, 0x32fc, 0x6005,
	0xffff, 0xf820, 0x3306, 0xf843, 0x32f6,
	0xf273, 0x3306, 0x8184, 0xf495, 0x3004,
	0x8c84, 0x7681, 0x0002, 0xf073, 0x3306,
	0xf846, 0x3302, 0xf273, 0x3306, 0x8184,
	0xf495, 0x4814, 0x7f04, 0x7681, 0x0002,
	0xf273, 0x330c, 0x110a, 0xf495, 0x8182,
	0x110a, 0xf300, 0x0001, 0xf330, 0x0001,
	0xf210, 0x2afe, 0xf273, 0x33ce, 0xf495,
	0x7f84, 0x7104, 0x0012, 0x60f8, 0x0015,
	0x0001, 0x7682, 0x2000, 0xfa30, 0x3325,
	0x4915, 0x8104, 0x6004, 0x0002, 0xf820,
	0x33cd, 0xf230, 0x0002, 0xf6b8, 0x6ff8,
	0x0008, 0x0c5f, 0x880e, 0xf066, 0x0030,
	0x8810, 0x19f8, 0x0011, 0x8911, 0xf166,
	0x00c0, 0x6db3, 0x8910, 0x8cf8, 0x6093,
	0x6db4, 0x6c81, 0x3344, 0xe732, 0xe741,
	0x1192, 0x8191, 0x4811, 0x7f92, 0x4812,
	0x7ee1, 0x0001, 0x6deb, 0x0003, 0x1193,
	0x4813, 0x81ec, 0x0003, 0x7ee4, 0x0001,
	0xf274, 0x23ee, 0xf7b8, 0xf495, 0xf074,
	0x2389, 0x7211, 0x6005, 0x60e1, 0x006b,
	0x8000, 0xf820, 0x3361, 0xf274, 0x2e6d,
	0xe900, 0xf495, 0xf274, 0x2e6d, 0xe901,
	0xf495, 0x7210, 0x6004, 0x7211, 0x6007,
	0x7214, 0x6005, 0xe703, 0xe705, 0x7212,
	0x6093, 0x6deb, 0x0068, 0x6ded, 0x0066,
	0x30e4, 0x006a, 0x11e9, 0x01a0, 0x6c82,
	0x337d, 0x8c05, 0x770e, 0x000e, 0x34f8,
	0x000b, 0x3005, 0xf830, 0x339d, 0x60f8,
	0x0012, 0x0001, 0xf820, 0x338a, 0x8c05,
	0x770e, 0x000f, 0x34f8, 0x000b, 0x3005,
	0xf830, 0x338e, 0xf273, 0x33aa, 0x7685,
	0x0000, 0x60f8, 0x000e, 0x8000, 0xfa30,
	0x3399, 0x7683, 0x0000, 0xf273, 0x33aa,
	0x7685, 0x0000, 0xf273, 0x33aa, 0x7685,
	0x0001, 0x60f8, 0x000e, 0x8000, 0xfa30,
	0x33a8, 0x7683, 0x0001, 0xf273, 0x33aa,
	0x7685, 0x0000, 0x7685, 0x0001, 0x30f8,
	0x0012, 0xf020, 0x5555, 0xf48f, 0xf493,
	0x6de8, 0x0014, 0xf280, 0x6db2, 0x8081,
	0x76f8, 0x6092, 0x0000, 0x76e8, 0x0053,
	0x0000, 0x7682, 0x0001, 0x76f8, 0xd503,
	0x0000, 0x76f8, 0xd502, 0x0000, 0x7211,
	0x6003, 0x76e0, 0xffa3, 0x0001, 0x1104,
	0xf273, 0x33ce, 0x1b81, 0x8181, 0xf7b8,
	0xee13, 0xfc00, 0x7212, 0x6004, 0x7211,
	0x6007, 0xe900, 0xe715, 0x7213, 0x6003,
	0x71ea, 0x0065, 0x0014, 0x8910, 0x6de9,
	0x01a2, 0xf4ac, 0xe736, 0xfa30, 0x3489,
	0xeef9, 0x6d93, 0x60f8, 0x0014, 0x000a,
	0xf830, 0x33fe, 0x60f8, 0x0014, 0x0008,
	0xf830, 0x33f4, 0x7683, 0x0000, 0xf273,
	0x34a1, 0x7682, 0x0000, 0x7682, 0x0000,
	0x7683, 0x0000, 0x6981, 0x8000, 0xf273,
	0x34a1, 0x7686, 0x5001, 0x7000, 0x600c,
	0x1000, 0xf010, 0x03ff, 0xf846, 0x342e,
	0x1100, 0xf300, 0x0001, 0x81f8, 0x600c,
	0x76f8, 0x6093, 0x0000, 0x11f8, 0x6093,
	0xf074, 0x3a04, 0x6ff8, 0x6093, 0x0d41,
	0x8911, 0x6ff8, 0x6093, 0x0c47, 0xe901,
	0x7210, 0x6004, 0x8812, 0x01f8, 0x6093,
	0x81f8, 0x6093, 0x6de8, 0x00d2, 0x490b,
	0x6db2, 0x56e9, 0x6088, 0xf310, 0x0002,
	0xfa4b, 0x340d, 0x0082, 0x4e81, 0xf073,
	0x34a1, 0x7213, 0x6005, 0x76f8, 0x6093,
	0x0000, 0x6deb, 0x001a, 0x7714, 0xfe5e,
	0x6ff8, 0x0016, 0x0d81, 0x890e, 0x8100,
	0xf166, 0x00c0, 0x8910, 0xe757, 0x56e6,
	0x6088, 0xf556, 0x6db7, 0x890e, 0x4f02,
	0x25ef, 0x0008, 0x1087, 0x4f04, 0x21f8,
	0x0009, 0x5602, 0x7987, 0x0009, 0x770e,
	0x0010, 0xf78f, 0x5604, 0xf600, 0x3000,
	0xf166, 0x0030, 0x8910, 0x4e02, 0xe736,
	0x5702, 0xf756, 0x6db6, 0x81e7, 0x000e,
	0x11f8, 0x000b, 0xe740, 0xf785, 0x6ded,
	0x01a2, 0x11f8, 0x000b, 0x30b5, 0x6f86,
	0x0e20, 0xfa46, 0x3475, 0x1100, 0x8c00,
	0x890e, 0xe801, 0xf48f, 0xf273, 0x347c,
	0x1a00, 0x8081, 0xf200, 0x0008, 0x880e,
	0xe801, 0xf48f, 0x1a00, 0x8081, 0xf300,
	0x0001, 0x480b, 0xf010, 0x0002, 0xf843,
	0x3437, 0x81f8, 0x6093, 0xf273, 0x34a1,
	0x7682, 0x0008, 0x6086, 0x5001, 0xf830,
	0x348f, 0x7686, 0x5000, 0x6083, 0x0001,
	0xf820, 0x34a1, 0xe900, 0x4ff8, 0x6088,
	0x7686, 0x5000, 0x7682, 0x000a, 0x7681,
	0x0000, 0x4ff8, 0x608a, 0x76f8, 0x600c,
	0x0000, 0xee07, 0xfc00, 0x7211, 0x6080,
	0x13f8, 0x6093, 0xeef1, 0x0bf8, 0x0011,
	0xf84d, 0x34b6, 0x7601, 0x0000, 0x7600,
	0x0001, 0xf274, 0x3a54, 0x4911, 0xf495,
	0xf073, 0x34c2, 0x7210, 0x6004, 0x4911,
	0x6de8, 0x005e, 0x6db1, 0x1081, 0x8001,
	0x7600, 0x0001, 0xf074, 0x3a54, 0x7212,
	0x6004, 0xe721, 0x11ea, 0x0065, 0x6082,
	0x0000, 0xfa30, 0x3616, 0x7004, 0x6003,
	0x60f8, 0x000b, 0x000a, 0xf830, 0x34f3,
	0x7104, 0x0011, 0xe713, 0x60f8, 0x000b,
	0x0008, 0x6de9, 0x0002, 0xf830, 0x34e4,
	0x7689, 0x0000, 0x7682, 0x0000, 0xf273,
	0x3652, 0x7681, 0x0000, 0x7214, 0x6007,
	0x7689, 0x0000, 0x7682, 0x0000, 0x69e4,
	0x01a1, 0x8000, 0x7683, 0x4001, 0xf273,
	0x3652, 0x7681, 0x0000, 0xe901, 0x01f8,
	0x600d, 0x12f8, 0x6080, 0x81f8, 0x600d,
	0x0ae1, 0x0068, 0xe900, 0xfa44, 0x3544,
	0x8912, 0xe721, 0xe800, 0x7601, 0x0000,
	0x7600, 0x0000, 0x4e02, 0xf074, 0x27b6,
	0x7210, 0x6004, 0x63f8, 0x0008, 0x00b3,
	0x7211, 0x6093, 0x6ff8, 0x0011, 0x0c47,
	0x4f04, 0x6de8, 0x005e, 0x5704, 0x8812,
	0x6db1, 0x6f04, 0x0d96, 0x6de8, 0x0076,
	0x1104, 0x8181, 0x6db2, 0x0982, 0x11f8,
	0x000b, 0x4f02, 0x7601, 0x0000, 0x7600,
	0x0001, 0xf274, 0x27b6, 0xe900, 0xf495,
	0x7211, 0x6004, 0x6ff8, 0x6093, 0x0d47,
	0x8910, 0x6de9, 0x00d4, 0x6db1, 0x1181,
	0x8004, 0x4f02, 0x7601, 0x0000, 0x7600,
	0x0002, 0xf274, 0x27b6, 0xe900, 0xf495,
	0x8811, 0x4911, 0x7104, 0x0012, 0x7004,
	0x600d, 0x1004, 0x7006, 0x6094, 0x7007,
	0x6097, 0x7008, 0x6096, 0xf010, 0x1d4c,
	0xfa46, 0x3576, 0x7005, 0x6095, 0x1004,
	0xf010, 0x1388, 0xf847, 0x3652, 0x10f8,
	0x0012, 0x0805, 0xf847, 0x355f, 0x7312,
	0x6095, 0x10f8, 0x0012, 0x0806, 0xf842,
	0x3566, 0x7312, 0x6094, 0x10f8, 0x000b,
	0x0807, 0xf847, 0x356d, 0x81f8, 0x6097,
	0x11f8, 0x000b, 0x0908, 0xf84a, 0x3652,
	0x7311, 0x6096, 0xf073, 0x3652, 0x63f8,
	0x6093, 0x0030, 0x8912, 0x7210, 0x6005,
	0x7711, 0x0010, 0x6db2, 0xe720, 0x7212,
	0x6004, 0x6db1, 0x6dea, 0x005a, 0xe723,
	0x7004, 0x0010, 0x8cf8, 0x0010, 0x6dea,
	0x0002, 0x700a, 0x0012, 0x1107, 0x0908,
	0x1005, 0x6db2, 0x8182, 0x8105, 0x0806,
	0x8c09, 0x11f8, 0x000b, 0x880e, 0x4f06,
	0x2091, 0x5706, 0x4e06, 0xf685, 0x6db3,
	0x5706, 0x4e00, 0x7008, 0x0011, 0xf274,
	0x4877, 0x8c83, 0xf785, 0x4e0c, 0x1105,
	0x5606, 0xf2c0, 0x4e06, 0x5706, 0xf84a,
	0x35b2, 0x570c, 0xf784, 0x4f0c, 0x7210,
	0x6007, 0xe701, 0x7108, 0x0012, 0x30e9,
	0x01a1, 0x8c05, 0x3009, 0xf166, 0x00c0,
	0x8913, 0x570c, 0x480b, 0x6db3, 0x0a82,
	0x81e3, 0x001b, 0xfa43, 0x35d9, 0x7104,
	0x0013, 0x490b, 0xe810, 0x0be3, 0x0012,
	0xf84e, 0x35d4, 0xe901, 0xf78f, 0xf273,
	0x35dd, 0x1b05, 0x8181, 0xf58f, 0xf273,
	0x35dd, 0x1b05, 0x8181, 0xe940, 0xf78f,
	0x1b05, 0x8181, 0x710a, 0x0010, 0x7109,
	0x0011, 0x6de8, 0x0002, 0x76f8, 0x600d,
	0x0000, 0x76f8, 0x6094, 0x7530, 0x76f8,
	0x6095, 0x8ad0, 0x76f8, 0x6096, 0x7530,
	0x76f8, 0x6097, 0x8ad0, 0x6db1, 0xe901,
	0xf274, 0x279d, 0x7681, 0x0000, 0xf274,
	0x279d, 0xe902, 0xf495, 0x7211, 0x6004,
	0x60f8, 0x6093, 0x0000, 0xf830, 0x3608,
	0x76e1, 0x0065, 0x0008, 0xf073, 0x3652,
	0x76f8, 0x6093, 0x0001, 0x76e1, 0x0068,
	0x0000, 0xf274, 0x279d, 0xe901, 0xf495,
	0xf273, 0x279d, 0xe902, 0xee0f, 0x7104,
	0x0011, 0x7691, 0x4000, 0x6081, 0x0001,
	0xf820, 0x3652, 0x76f8, 0x600d, 0x0000,
	0xf074, 0x23ee, 0xf074, 0x2389, 0x7211,
	0x6004, 0x7212, 0x6007, 0x76e9, 0x005e,
	0x0000, 0x76ea, 0x001b, 0x0800, 0x76ea,
	0x00c0, 0x0800, 0x7699, 0x0000, 0x76f8,
	0x6093, 0x0000, 0x76f8, 0x6094, 0x7530,
	0x76f8, 0x6095, 0x8ad0, 0x76f8, 0x6096,
	0x7530, 0x76f8, 0x6097, 0x8ad0, 0x76e2,
	0x00c6, 0x0000, 0x76e1, 0x0009, 0x0001,
	0xf274, 0x26df, 0xe904, 0xf495, 0x7211,
	0x6004, 0x76e1, 0x0065, 0x000a, 0xee0f,
	0xfc00, 0x7213, 0x6004, 0xe734, 0x7211,
	0x6008, 0x71eb, 0x0065, 0x0015, 0x7710,
	0x0000, 0xeef3, 0x7212, 0x6003, 0x6de9,
	0x0011, 0xf4ad, 0xf830, 0x3793, 0x60f8,
	0x0015, 0x000a, 0xe901, 0xf830, 0x3688,
	0xe724, 0x60f8, 0x0015, 0x0008, 0x6dea,
	0x0002, 0xf830, 0x367c, 0x768a, 0x0000,
	0x7683, 0x0000, 0xf273, 0x37b4, 0x7682,
	0x0000, 0x768a, 0x0000, 0x7683, 0x0000,
	0x6981, 0x8000, 0x7684, 0x6001, 0xf273,
	0x37b4, 0x7682, 0x0000, 0x6ff8, 0x600e,
	0x0e00, 0x80f8, 0x600e, 0x4808, 0xf010,
	0x0007, 0xf847, 0x37b4, 0x01f8, 0x600f,
	0x76f8, 0x600e, 0x0000, 0x60e2, 0x0010,
	0x0001, 0x81f8, 0x600f, 0xf830, 0x36a9,
	0xf074, 0x2c68, 0x7211, 0x6004, 0x11e9,
	0x0043, 0x10e1, 0xffff, 0x8000, 0xf074,
	0x2e39, 0x7211, 0x6004, 0x11e1, 0x0067,
	0xf310, 0x0002, 0xf84e, 0x37b4, 0x11e1,
	0x00f0, 0x7601, 0x0000, 0x7600, 0x0000,
	0x4f02, 0xf274, 0x27b6, 0xe900, 0xf495,
	0x7212, 0x6004, 0xe781, 0x11e2, 0x0170,
	0x80e9, 0x000a, 0x4f02, 0x7601, 0x0000,
	0x7600, 0x0001, 0x7004, 0x0011, 0xf274,
	0x27b6, 0xe900, 0xf495, 0x7005, 0x600f,
	0x1305, 0x7211, 0x6004, 0x800b, 0xf310,
	0x0400, 0xf84b, 0x375d, 0x7212, 0x6008,
	0xe723, 0xe714, 0x57f8, 0x608c, 0x6dea,
	0x0011, 0x6005, 0x0400, 0x6de9, 0x0065,
	0xf830, 0x373e, 0x100a, 0x0893, 0x01f8,
	0x0008, 0x100b, 0x4ff8, 0x608c, 0x6f83,
	0x0d20, 0x56f8, 0x608e, 0x6ff8, 0x000b,
	0x0d00, 0x1205, 0x4ff8, 0x608e, 0xf110,
	0x05ff, 0xf84f, 0x37b4, 0x56f8, 0x608c,
	0x57f8, 0x608e, 0xf757, 0x6f08, 0x0c97,
	0x8109, 0x11f8, 0x000b, 0xf785, 0x10f8,
	0x000b, 0x7213, 0x6005, 0x1108, 0xf785,
	0x08e3, 0x0065, 0x11f8, 0x000b, 0x76f8,
	0x600f, 0x0000, 0x09e3, 0x0065, 0x4e04,
	0x7006, 0x000a, 0xf84a, 0x371f, 0x5604,
	0x7106, 0x000a, 0xf843, 0x3738, 0xe801,
	0x00ec, 0x0067, 0x8084, 0x10f8, 0x0008,
	0xf010, 0x0003, 0xf843, 0x37b4, 0x7681,
	0x0008, 0x5604, 0xfa4f, 0x3732, 0x7106,
	0x000a, 0x6982, 0x0010, 0xf847, 0x37b4,
	0x6982, 0x0020, 0xf073, 0x37b4, 0x7681,
	0x0008, 0x7682, 0x0003, 0xf073, 0x37b4,
	0x4f04, 0x57f8, 0x6088, 0x6f93, 0x0d97,
	0x57f8, 0x608a, 0x6f83, 0x0d97, 0x5704,
	0xf84d, 0x374e, 0x57f8, 0x608e, 0xf84c,
	0x3752, 0x7681, 0x0008, 0x7682, 0x0800,
	0xe900, 0x4ff8, 0x6088, 0x4ff8, 0x608c,
	0x4ff8, 0x608a, 0x4ff8, 0x608e, 0xf073,
	0x37b4, 0x1305, 0xf310, 0x01ff, 0xf84f,
	0x37b4, 0x7104, 0x0012, 0x6de9, 0x00f1,
	0x76f8, 0x6093, 0x0000, 0x7604, 0x0000,
	0x1104, 0x6ff8, 0x0010, 0x0d87, 0xe714,
	0x6ff8, 0x0013, 0x0d81, 0x6db4, 0x108c,
	0x0884, 0x8910, 0xf300, 0x0001, 0xe734,
	0x10f8, 0x0008, 0x8104, 0xe725, 0x57eb,
	0x608c, 0xf485, 0x01f8, 0x0008, 0x6db5,
	0x56ec, 0x6088, 0x4f83, 0x6f85, 0x0d00,
	0x4f84, 0x1204, 0xf110, 0x0002, 0xf84b,
	0x376b, 0x7104, 0x6093, 0xf073, 0x37b4,
	0x7692, 0x6000, 0x6082, 0x0001, 0xf820,
	0x37b4, 0xe900, 0x4ff8, 0x6088, 0x7681,
	0x0000, 0x76e4, 0x0067, 0x0000, 0x76f8,
	0x600e, 0x0000, 0x76f8, 0x600f, 0x0000,
	0x4ff8, 0x608a, 0x4ff8, 0x608c, 0xf274,
	0x26df, 0xf495, 0xe906, 0x7211, 0x6004,
	0x76e1, 0x0065, 0x000a, 0xee0d, 0xfc00,
	0x7210, 0x6004, 0x6ff8, 0x0012, 0x0d87,
	0x6de8, 0x00d4, 0xeef7, 0x6db2, 0x7710,
	0x0004, 0x8911, 0x100a, 0x08b2, 0x890e,
	0x6ff8, 0x0008, 0x0c5e, 0x7710, 0x0002,
	0xf166, 0x0006, 0x8000, 0x71e1, 0x609c,
	0x0011, 0x3000, 0x8913, 0x8cb2, 0x2191,
	0x0882, 0x880e, 0x20b1, 0x50eb, 0x60a2,
	0x4e8b, 0x4f02, 0x5783, 0x4e04, 0x890e,
	0x1081, 0xe712, 0x20f8, 0x0009, 0x8c01,
	0x7889, 0x000c, 0x3001, 0x2582, 0x770e,
	0x0010, 0xf48f, 0xf600, 0x4e06, 0x5706,
	0xf751, 0x1000, 0x6ff8, 0x000b, 0x0d00,
	0x10f8, 0x000b, 0xf540, 0x5483, 0x4f8b,
	0x4f83, 0x880e, 0x1181, 0x21f8, 0x000c,
	0x8c00, 0x7981, 0x0009, 0x770e, 0x0010,
	0xf78f, 0x3000, 0x2481, 0xf600, 0x4e00,
	0x5702, 0x5604, 0xf756, 0xf455, 0x01f8,
	0x0008, 0x5600, 0xf459, 0x01f8, 0x0008,
	0x4f00, 0xf020, 0x7fff, 0xf540, 0x5800,
	0xf846, 0x3821, 0x5700, 0xf6b8, 0xf200,
	0x8000, 0xfa42, 0x3821, 0x5700, 0xf7b8,
	0x57f8, 0x48d6, 0xee09, 0xfe00, 0x480b,
	0xf495, 0x890e, 0xf066, 0x00c0, 0x8811,
	0x7210, 0x6007, 0x8912, 0x6db1, 0x30e1,
	0x001b, 0xe721, 0xeef7, 0x12ea, 0x60ac,
	0x0af8, 0x000e, 0xf845, 0x383e, 0x7210,
	0x6004, 0x8c82, 0x6de8, 0x001e, 0x6db1,
	0x8c81, 0x890e, 0xf066, 0x0030, 0x8811,
	0x7210, 0x6005, 0x8c04, 0x6db1, 0x30e1,
	0x0019, 0x100a, 0x8c05, 0x4e02, 0x7600,
	0x0009, 0x7601, 0x0003, 0xf074, 0x27b6,
	0x7211, 0x6004, 0x7104, 0x0010, 0x6de9,
	0x001e, 0xe712, 0x880e, 0x6db1, 0x1381,
	0x8c06, 0x1006, 0x21f8, 0x000c, 0x7981,
	0x0009, 0x3006, 0x2481, 0x770e, 0x0010,
	0xf78f, 0xf500, 0x4f06, 0x5706, 0x6f06,
	0x0d99, 0x1106, 0x0905, 0xf84e, 0x3879,
	0x1105, 0xf684, 0x1106, 0x09f8, 0x0008,
	0x8005, 0xf84b, 0x3879, 0x1106, 0x8105,
	0x6f04, 0x0d47, 0x8911, 0x1005, 0x1106,
	0x6dea, 0x00bc, 0xee09, 0xf520, 0xe720,
	0xfe00, 0x6db1, 0x8181, 0x7210, 0x6004,
	0xe701, 0xeef9, 0x6de8, 0x00d0, 0xe702,
	0x7213, 0x6003, 0x30e8, 0x0006, 0x7604,
	0x0000, 0x10e8, 0x0080, 0x7605, 0x0000,
	0x6dea, 0x0007, 0x60e3, 0x000a, 0x8000,
	0x6de8, 0xff81, 0xfa20, 0x3913, 0x8c01,
	0x8000, 0x10e3, 0x0001, 0xf010, 0x0001,
	0xf846, 0x3913, 0xe723, 0x10ea, 0x0080,
	0x0800, 0x10f8, 0x0008, 0xf585, 0x1083,
	0x0801, 0x10f8, 0x0008, 0x7213, 0x6005,
	0xf485, 0x8004, 0x10eb, 0x007d, 0x30e3,
	0x0001, 0xe713, 0x60e2, 0xfeaf, 0x0000,
	0x6de9, 0x0016, 0x8102, 0xfa30, 0x38f6,
	0x8105, 0x8c03, 0x1104, 0xf310, 0x0230,
	0xf84e, 0x38d0, 0x1102, 0xf310, 0x0230,
	0xf84f, 0x3913, 0x76e9, 0x0006, 0x0000,
	0x7699, 0x0000, 0x76e9, 0xfffd, 0x0000,
	0x7699, 0x0000, 0x6fe9, 0x000b, 0x0c81,
	0x1003, 0x6fe1, 0x0001, 0x0c81, 0x76f8,
	0x6010, 0x0000, 0x1004, 0x76f8, 0x6011,
	0x0000, 0xf010, 0x0410, 0xf846, 0x38f1,
	0x1002, 0xf010, 0x0410, 0xf847, 0x3913,
	0x76e3, 0x0004, 0x0001, 0xf073, 0x3913,
	0x1104, 0xf310, 0x00c8, 0xf84a, 0x3900,
	0x1102, 0xf310, 0x00c8, 0xf84b, 0x390a,
	0x76eb, 0x0006, 0x0001, 0x80eb, 0x0020,
	0x3003, 0x8ce3, 0x0001, 0xf073, 0x3913,
	0x6ff8, 0x0008, 0x0c5e, 0x6f03, 0x0d5f,
	0x80e9, 0x0010, 0x81e1, 0x0001, 0x3001,
	0x1000, 0x8c80, 0xee07, 0x80e0, 0x0080,
	0xfc00, 0x7212, 0x6004, 0xeef9, 0xe725,
	0x8913, 0x6dea, 0x00d0, 0x6ff8, 0x0010,
	0x0d87, 0x7211, 0x6003, 0x7002, 0x0012,
	0xe737, 0x60e1, 0x000a, 0x8000, 0x6deb,
	0x60ae, 0x6db2, 0x6d91, 0x30e2, 0x0002,
	0x7004, 0x0013, 0x8100, 0xfa20, 0x39f7,
	0xe901, 0x8c03, 0x1081, 0xf010, 0x0001,
	0xf846, 0x39f7, 0xe754, 0xe773, 0x6ded,
	0x0016, 0xe750, 0xe736, 0x6fef, 0x6010,
	0x0e00, 0x6de8, 0x0006, 0x6db3, 0x6de8,
	0xfffe, 0x6db6, 0x7210, 0x6005, 0x8087,
	0x10f8, 0x0008, 0x3083, 0x08e0, 0x007a,
	0x7005, 0x0017, 0xfa46, 0x399c, 0x8c01,
	0x3086, 0x6ded, 0x000c, 0x7100, 0x0010,
	0xe757, 0x7104, 0x0014, 0x6db5, 0x1184,
	0x6def, 0x0005, 0x6085, 0x0000, 0xfa30,
	0x397b, 0x0903, 0x108f, 0xf484, 0x11f8,
	0x000b, 0x09f8, 0x0008, 0x480e, 0xf84a,
	0x3983, 0xf100, 0x0001, 0x7685, 0x0000,
	0x8186, 0xf073, 0x3983, 0x11f8, 0x000b,
	0x09f8, 0x0008, 0xf84f, 0x3983, 0x7685,
	0x0001, 0x11ea, 0x0003, 0x09e2, 0x0001,
	0x11f8, 0x000b, 0xf785, 0x11f8, 0x000b,
	0x0987, 0x1001, 0xf84f, 0x3998, 0xf100,
	0x0001, 0x7102, 0x0012, 0xf273, 0x39f9,
	0xf495, 0x8183, 0x7102, 0x0012, 0xf073,
	0x39f9, 0xe742, 0xe707, 0x60ec, 0x0004,
	0x0001, 0xf830, 0x39de, 0x1001, 0x08e7,
	0x007b, 0xfa46, 0x39b0, 0x7100, 0x0010,
	0x10f8, 0x000e, 0x08e7, 0x007c, 0xf847,
	0x39de, 0x3000, 0x6fe8, 0x60b5, 0x0e00,
	0x8080, 0x10f8, 0x0008, 0xf010, 0x0002,
	0xf847, 0x39c4, 0xf78f, 0x7681, 0x0002,
	0x1bea, 0x0005, 0xf273, 0x39de, 0xf495,
	0x8182, 0x6ded, 0x0008, 0x8cf8, 0x0012,
	0xe750, 0x770e, 0x02d4, 0x6db2, 0x1382,
	0x21f8, 0x000c, 0xf020, 0x02d4, 0x7982,
	0x0009, 0x770e, 0x02d4, 0x2482, 0x770e,
	0x0010, 0xf78f, 0xf500, 0x4f00, 0x5700,
	0x6f82, 0x0d96, 0x7710, 0x0022, 0x6def,
	0x007d, 0x76b4, 0x0000, 0x4814, 0x7f97,
	0x4817, 0x7105, 0x0012, 0x7e9c, 0x7682,
	0x0000, 0x7686, 0x0000, 0x76e4, 0xffdf,
	0x0000, 0x7102, 0x0012, 0xf273, 0x39f9,
	0x7683, 0x0000, 0x7102, 0x0012, 0x61e2,
	0xff35, 0x0003, 0xf820, 0x3a00, 0x7681,
	0x0002, 0x1004, 0x7f03, 0xee07, 0xfc00,
	0x890e, 0xf066, 0x0030, 0x7210, 0x6005,
	0x8811, 0x7212, 0x6004, 0x8913, 0x6db1,
	0x6ff8, 0x0014, 0x0d87, 0x6dea, 0x00d2,
	0x6fe3, 0x6082, 0x0d5e, 0x60e1, 0x0003,
	0x0001, 0xe720, 0xfa30, 0x3a22, 0xeeff,
	0x6db4, 0xf273, 0x3a24, 0x8184, 0xf495,
	0xf784, 0x8184, 0xee01, 0xfc00, 0xeefd,
	0x8100, 0xf074, 0x3a04, 0x6f00, 0x0d47,
	0x7210, 0x6004, 0x8911, 0x6de8, 0x00d2,
	0x3000, 0xf166, 0x00c0, 0x6db1, 0x8910,
	0x7212, 0x6007, 0x1181, 0x6db2, 0x09e9,
	0x000a, 0x09ea, 0x0009, 0x890e, 0x21ea,
	0xffff, 0x4f00, 0x5700, 0x6f00, 0x0d96,
	0x1100, 0x09e2, 0x000e, 0x81e9, 0xfff8,
	0x09e9, 0x000b, 0x01e9, 0xffff, 0x01e9,
	0xffff, 0xee03, 0x81e1, 0xfff4, 0xfc00,
	0xeefb, 0x3007, 0x8c00, 0x8102, 0xf074,
	0x3a26, 0x7106, 0x0011, 0x7710, 0x0001,
	0xf4a9, 0xfa20, 0x3a65, 0x7603, 0x0001,
	0x7603, 0x0000, 0x6003, 0x0000, 0xfa30,
	0x3a83, 0x6f02, 0x0c47, 0x6006, 0x0000,
	0xf830, 0x3a83, 0x6003, 0x0000, 0xe900,
	0xf830, 0x3a78, 0x6006, 0x0002, 0xf820,
	0x3a7f, 0x7210, 0x6004, 0x8811, 0x6de8,
	0x00d0, 0x6db1, 0x1181, 0xf273, 0x3a9d,
	0x1002, 0xf495, 0x1102, 0x8003, 0xf074,
	0x37b6, 0x7210, 0x6004, 0x7103, 0x0011,
	0x6de8, 0x00d9, 0x1102, 0x8000, 0xf274,
	0x3825, 0x6db1, 0x8081, 0x7210, 0x6004,
	0x7103, 0x0011, 0x6de8, 0x00db, 0xf540,
	0x6db1, 0x8181, 0x1002, 0x8811, 0xf000,
	0x0001, 0xf030, 0x0001, 0xf010, 0x2afe,
	0x7ff8, 0x000b, 0xee05, 0x81e1, 0x60b0,
	0xfc00, 0x8911, 0x890e, 0xf166, 0x00c0,
	0x8912, 0x7210, 0x6007, 0xe713, 0x6db2,
	0xeef1, 0xe724, 0x11e9, 0x6099, 0x30ea,
	0x0017, 0x6deb, 0x60aa, 0x0992, 0x8c04,
	0x7006, 0x0011, 0x7007, 0x0013, 0xfa4c,
	0x3acb, 0x3082, 0x8c05, 0x7107, 0x0011,
	0x1181, 0x0905, 0xf84d, 0x3b08, 0x10ec,
	0x0005, 0x7710, 0x0002, 0x6f9c, 0x0d00,
	0x0894, 0x80b4, 0x8008, 0x2008, 0x4e0a,
	0x3004, 0x2008, 0x4e0c, 0x560c, 0x6f09,
	0x0c96, 0x560a, 0x6f0a, 0x0c96, 0x1008,
	0x0809, 0x0909, 0x080a, 0x010a, 0x8008,
	0x6ff8, 0x000b, 0x0d5f, 0x1008, 0x818c,
	0x4e0a, 0x570a, 0xf685, 0x57f8, 0x48da,
	0x700a, 0x0014, 0x4e00, 0xf274, 0x4877,
	0xf785, 0xf495, 0x4e0c, 0x1108, 0x56f8,
	0x48d8, 0xf2c0, 0x4e08, 0x5708, 0x710a,
	0x0011, 0x560c, 0xf84a, 0x3b03, 0xf484,
	0x8081, 0x1007, 0x7f05, 0x1006, 0x7f04,
	0xee0f, 0xfc00, 0xeefd, 0x7710, 0x0000,
	0x7104, 0x0011, 0xf4a9, 0xfa30, 0x3b28,
	0x6f00, 0x0d87, 0x6004, 0x0001, 0xf820,
	0x3b24, 0xf074, 0x3aaa, 0x7210, 0x6004,
	0x7100, 0x0011, 0x6de8, 0x00d0, 0xf273,
	0x3b30, 0x6db1, 0x1081, 0xf273, 0x3b30,
	0xe800, 0xf495, 0x7210, 0x6004, 0x7100,
	0x0011, 0x6de8, 0x00d6, 0x6db1, 0x1081,
	0xee03, 0xfc00, 0xeefd, 0x7000, 0x60b3,
	0x6000, 0x0000, 0xf830, 0x3b41, 0x6000,
	0x0001, 0xf820, 0x3b50, 0xf074, 0x3b62,
	0xf073, 0x3b50, 0xf074, 0x2f55, 0x7210,
	0x6003, 0x76f8, 0xd902, 0x0000, 0x76f8,
	0xd400, 0x3300, 0x7680, 0x3000, 0x76f8,
	0x60b3, 0x0001, 0x7210, 0x6003, 0x30e0,
	0x0001, 0x480e, 0x0af8, 0x6012, 0xf845,
	0x3b60, 0x8cf8, 0x6012, 0x76f8, 0x60b3,
	0x0000, 0x7680, 0x0000, 0xee03, 0xfc00,
	0x7211, 0x6003, 0x7710, 0x0000, 0x71e1,
	0x0001, 0x0012, 0xeefd, 0xf4aa, 0xf830,
	0x3c33, 0x7213, 0x6004, 0xe734, 0x60f8,
	0x0012, 0x0001, 0x6dec, 0x00d0, 0x11eb,
	0x0008, 0x30f8, 0x0010, 0xfa30, 0x3bdb,
	0xf230, 0x7fff, 0x60f8, 0x0012, 0x0002,
	0xf820, 0x3c36, 0x34f8, 0x000b, 0x11e4,
	0x0080, 0xfa20, 0x3c36, 0x7681, 0x3002,
	0x8083, 0xf010, 0x2000, 0xf500, 0x81f8,
	0x60b9, 0xf274, 0x3c38, 0xe901, 0xf495,
	0x80f8, 0x6083, 0xf274, 0x3a26, 0xe901,
	0xf495, 0x7211, 0x6004, 0xf120, 0x2000,
	0x01e9, 0x0154, 0x7000, 0x60b9, 0x81e1,
	0xfeb5, 0xf274, 0x37b6, 0xe901, 0xf495,
	0x7211, 0x6004, 0x8000, 0x80e1, 0x0159,
	0xf274, 0x3825, 0xe901, 0xf495, 0x7211,
	0x6004, 0x80e1, 0x015b, 0x80f8, 0xd502,
	0xf274, 0x3c38, 0xe900, 0xf495, 0x80f8,
	0x6082, 0xf274, 0x3a26, 0xe900, 0xf495,
	0x7211, 0x6004, 0x10e1, 0x00d0, 0x8000,
	0xf274, 0x37b6, 0xe900, 0xf495, 0x7211,
	0x6004, 0x8000, 0x80e1, 0x00d9, 0xf274,
	0x3825, 0xe900, 0xf495, 0x7211, 0x6004,
	0x80e1, 0x00db, 0x80f8, 0xd503, 0xf073,
	0x3c36, 0x34f8, 0x000b, 0x1184, 0x7681,
	0x3001, 0xf820, 0x3c36, 0x8083, 0xf010,
	0x2000, 0xf500, 0x81f8, 0x60b8, 0xf274,
	0x3c38, 0xe900, 0xf495, 0x80f8, 0x6082,
	0xf274, 0x3a26, 0xe900, 0xf495, 0x7211,
	0x6004, 0xf120, 0x2000, 0x01e9, 0x00d4,
	0x7000, 0x60b8, 0x81e1, 0xff35, 0xf274,
	0x37b6, 0xe900, 0xf495, 0x7211, 0x6004,
	0x8000, 0x80e1, 0x00d9, 0xf274, 0x3825,
	0xe900, 0xf495, 0x7211, 0x6004, 0x80e1,
	0x00db, 0x80f8, 0xd503, 0xf274, 0x3c38,
	0xe901, 0xf495, 0x80f8, 0x6083, 0xf274,
	0x3a26, 0xe901, 0xf495, 0x7211, 0x6004,
	0x10e1, 0x0150, 0x8000, 0xf274, 0x37b6,
	0xe901, 0xf495, 0x7211, 0x6004, 0x8000,
	0x80e1, 0x0159, 0xf274, 0x3825, 0xe901,
	0xf495, 0x7211, 0x6004, 0x80e1, 0x015b,
	0x80f8, 0xd502, 0xf073, 0x3c36, 0x76f8,
	0x60b3, 0x0000, 0xee03, 0xfc00, 0xeefd,
	0xf300, 0x0001, 0xf330, 0x0001, 0x76f8,
	0xd405, 0x0713, 0x8100, 0x76f8, 0xd401,
	0x0003, 0xf744, 0x76f8, 0xd400, 0x3301,
	0xf340, 0x0002, 0x81f8, 0xd407, 0x76f8,
	0xd408, 0x0001, 0xf274, 0x2271, 0xe914,
	0xf495, 0x1100, 0xf310, 0x2bf0, 0xee03,
	0x8910, 0xfe00, 0xf495, 0x1080, 0x7211,
	0x6005, 0x7210, 0x6004, 0xeef1, 0x30e9,
	0x0064, 0x771a, 0x0001, 0x10e8, 0x006f,
	0x6de9, 0x001b, 0x6de8, 0xffbd, 0x7000,
	0x0011, 0x7712, 0x60e2, 0x7713, 0x60e0,
	0x7714, 0x60de, 0x7715, 0x60dc, 0x7601,
	0x60ba, 0x7602, 0x60be, 0x7716, 0x60da,
	0x7603, 0x60c2, 0x7604, 0x60d8, 0x7605,
	0x60d6, 0x7606, 0x60d4, 0x7607, 0x60d2,
	0x7608, 0x60d0, 0x7609, 0x60ce, 0x760a,
	0x60cc, 0x760b, 0x60ca, 0x760c, 0x60c8,
	0x760d, 0x60c6, 0xe900, 0xf272, 0x3ceb,
	0x7711, 0x60e4, 0x7101, 0x0017, 0x7696,
	0x0000, 0x4f97, 0x7001, 0x0017, 0x7102,
	0x0017, 0x7695, 0x0000, 0x4f97, 0x7002,
	0x0017, 0x7103, 0x0017, 0x7694, 0x0000,
	0x4f97, 0x7003, 0x0017, 0x7104, 0x0017,
	0x7693, 0x8001, 0x7697, 0x0000, 0x7004,
	0x0017, 0x7105, 0x0017, 0x7692, 0x7fff,
	0x8097, 0x7005, 0x0017, 0x7106, 0x0017,
	0x7690, 0x2000, 0x7697, 0x0032, 0x7006,
	0x0017, 0x7107, 0x0017, 0x7691, 0x0000,
	0x7697, 0x0032, 0x7007, 0x0017, 0x7108,
	0x0017, 0x8c97, 0x7008, 0x0017, 0x7109,
	0x0017, 0x7697, 0x0000, 0x7009, 0x0017,
	0x710a, 0x0017, 0x7697, 0x0000, 0x700a,
	0x0017, 0x710b, 0x0017, 0x7697, 0x0002,
	0x700b, 0x0017, 0x710c, 0x0017, 0x7697,
	0x0000, 0x700c, 0x0017, 0x710d, 0x0017,
	0x7697, 0x0000, 0x700d, 0x0017, 0x20f8,
	0x000e, 0x7100, 0x0010, 0xee0f, 0x76f8,
	0x60e8, 0x0000, 0x76f8, 0x60eb, 0x0000,
	0x76f8, 0x60e9, 0x0800, 0x76f8, 0x60ea,
	0x012c, 0x4ef8, 0x60e6, 0xfe00, 0x7680,
	0x8000, 0x7210, 0x6004, 0xe800, 0x76e8,
	0x0054, 0x0000, 0xeeff, 0x4ef8, 0x60ba,
	0x4ef8, 0x60be, 0x7698, 0x0000, 0xee01,
	0x4ef8, 0x60bc, 0x4ef8, 0x60c0, 0x76f8,
	0x60eb, 0x0000, 0x76e0, 0xfffc, 0x0000,
	0xfc00, 0x7211, 0x6004, 0xeef1, 0xe716,
	0xe901, 0xe782, 0x01e9, 0x002a, 0x8181,
	0x7000, 0x0016, 0x76ea, 0x000a, 0x0000,
	0x11f8, 0x000b, 0x6dee, 0x00d0, 0x760b,
	0x0000, 0xf310, 0x0024, 0x7001, 0x0012,
	0xfa4f, 0x3e2b, 0x7002, 0x0016, 0x7681,
	0x0000, 0x30e9, 0x0044, 0x771a, 0x0001,
	0x6dee, 0x0020, 0x7199, 0x0019, 0x6de9,
	0x0081, 0x7712, 0x60dc, 0x7713, 0x60d4,
	0x7714, 0x60da, 0x7717, 0x60de, 0x7715,
	0x60d6, 0x7710, 0x0070, 0x7003, 0x0016,
	0x8c07, 0x7605, 0x60ca, 0x7606, 0x60d8,
	0xf272, 0x3daf, 0x7004, 0x0019, 0x7008,
	0x0015, 0xe715, 0xe776, 0x11e9, 0x0010,
	0x0997, 0x11f8, 0x000b, 0xf785, 0x8194,
	0x1185, 0x4815, 0x0982, 0x7106, 0x0015,
	0x11f8, 0x000b, 0x7e92, 0xf785, 0x4816,
	0x8195, 0x11f8, 0x000b, 0x7fb1, 0x7105,
	0x0016, 0xf310, 0x03e8, 0x7009, 0x0017,
	0x1083, 0xfa4e, 0x3d98, 0x7006, 0x0015,
	0xf110, 0x0001, 0x8183, 0x11f8, 0x000b,
	0x0907, 0x7108, 0x0015, 0xe801, 0x7686,
	0x0001, 0xfa4e, 0x3d8e, 0x0085, 0x8085,
	0x8c83, 0x1185, 0x0904, 0xf84b, 0x3d94,
	0x7085, 0x0019, 0x7105, 0x0016, 0xf073,
	0x3da9, 0xf100, 0x0003, 0x8183, 0x11f8,
	0x000b, 0x7108, 0x0015, 0xf310, 0x0032,
	0x7686, 0x0002, 0xfa4b, 0x3da9, 0x7685,
	0x0001, 0x7683, 0x0032, 0x6d96, 0x6d93,
	0x7005, 0x0016, 0x7109, 0x0017, 0x6d95,
	0x11f8, 0x60d8, 0xf310, 0x0078, 0xe801,
	0xf84a, 0x3dc9, 0x11f8, 0x60d9, 0xf310,
	0x0078, 0xf84a, 0x3dc9, 0x11f8, 0x60da,
	0xf310, 0x0064, 0xf84a, 0x3dc9, 0x11f8,
	0x60db, 0xf310, 0x0064, 0xf84b, 0x3dda,
	0x76f8, 0x60e0, 0x8001, 0x76f8, 0x60e2,
	0x7fff, 0x76f8, 0x6013, 0x0000, 0x76f8,
	0x60e1, 0x8001, 0x76f8, 0x60e3, 0x7fff,
	0xf073, 0x3e2b, 0x771a, 0x0001, 0x6ff8,
	0x6013, 0x0d00, 0x81f8, 0x6013, 0x7103,
	0x0011, 0x7713, 0x60e2, 0x7712, 0x60e0,
	0x7710, 0x0080, 0xf272, 0x3dfc, 0xf495,
	0x4813, 0xe714, 0x1182, 0x09b1, 0xf84a,
	0x3df5, 0x4814, 0x7e82, 0x4813, 0x1183,
	0x6d92, 0x0984, 0xf84b, 0x3dfb, 0x7f84,
	0x6d93, 0x4813, 0x60f8, 0x6013, 0x0023,
	0xf820, 0x3e2b, 0x11f8, 0x60e0, 0x09f8,
	0x60e2, 0x11f8, 0x000b, 0xf785, 0x11f8,
	0x000b, 0xf310, 0x0078, 0xf84e, 0x3e1c,
	0x11f8, 0x60e1, 0x09f8, 0x60e3, 0x11f8,
	0x000b, 0xf785, 0x11f8, 0x000b, 0xf310,
	0x0078, 0xf84f, 0x3e2b, 0x76f8, 0x60e0,
	0x8001, 0x76f8, 0x60e2, 0x7fff, 0x76f8,
	0x6013, 0x0000, 0x76f8, 0x60e1, 0x8001,
	0x76f8, 0x60e3, 0x7fff, 0x7100, 0x0013,
	0xe732, 0xe721, 0x7000, 0x6013, 0xe714,
	0x1100, 0x6deb, 0x0002, 0x6dea, 0x002c,
	0x6de9, 0x0051, 0xf310, 0x0023, 0xf84a,
	0x3e6c, 0x7100, 0x0011, 0x6c81, 0x3f1c,
	0x771a, 0x0001, 0xf272, 0x3e63, 0x7101,
	0x0011, 0x6382, 0x0066, 0x4f00, 0x5700,
	0xf753, 0x8181, 0x11f8, 0x000b, 0xf210,
	0x0001, 0x490e, 0xf846, 0x3e56, 0x7681,
	0x0001, 0x0191, 0x10f8, 0x000b, 0xf010,
	0x2000, 0xf846, 0x3e61, 0xf273, 0x3e63,
	0x8182, 0xf495, 0x7682, 0x2000, 0x6d92,
	0x76ea, 0xffd4, 0x0000, 0x76e2, 0x004f,
	0x0000, 0xf073, 0x3f1c, 0x7215, 0x6003,
	0x76f8, 0x6013, 0x0023, 0x60e5, 0x0009,
	0x8000, 0xf830, 0x3e7f, 0x7682, 0x2000,
	0x769a, 0x2000, 0x76e2, 0xffd5, 0x0000,
	0xf073, 0x3ea7, 0x6382, 0x1fe7, 0x4f00,
	0x5700, 0xe726, 0x6f82, 0x0d93, 0x639a,
	0x1fe7, 0x4f00, 0x5700, 0x6f82, 0x0d93,
	0x7186, 0x0016, 0x6c86, 0x3ea7, 0x7182,
	0x0012, 0x6c82, 0x3ea7, 0x71e5, 0x0001,
	0x0012, 0x6c82, 0x3ea1, 0x13e5, 0x0003,
	0xf6b8, 0xf310, 0x8003, 0xf7b8, 0xf84b,
	0x3ea5, 0xf273, 0x3ea7, 0x7683, 0x0000,
	0x7683, 0x0001, 0x1181, 0x10f8, 0x000b,
	0xf010, 0x00ff, 0xf842, 0x3ec2, 0x7102,
	0x0011, 0x56f8, 0x60ba, 0x00e9, 0x0023,
	0x4ef8, 0x60ba, 0x56f8, 0x60bc, 0x00e9,
	0x0080, 0xf300, 0x0001, 0x4ef8, 0x60bc,
	0x81e1, 0xfede, 0xf073, 0x3f1c, 0x7000,
	0x60eb, 0x1100, 0xf310, 0x0010, 0xf84e,
	0x3f15, 0x771a, 0x0001, 0x6dec, 0x0054,
	0x7712, 0x60ba, 0x7713, 0x60be, 0xf272,
	0x3f10, 0xf495, 0x1100, 0x5692, 0x6f01,
	0x0c98, 0x1001, 0xf485, 0x10f8, 0x0008,
	0xf010, 0x05dc, 0xf842, 0x3f0e, 0x1001,
	0x6000, 0x0001, 0x5083, 0xfa30, 0x3f0c,
	0x4e02, 0x4e83, 0x6000, 0x0002, 0xf830,
	0x3f07, 0x6000, 0x0004, 0xf830, 0x3f02,
	0x6000, 0x0008, 0xf830, 0x3efd, 0x6000,
	0x0010, 0xf820, 0x3f0e, 0x5602, 0x6f84,
	0x0c9c, 0xf073, 0x3f0e, 0x5602, 0xf273,
	0x3f0e, 0x6f84, 0x0c9d, 0x5602, 0xf273,
	0x3f0e, 0x6f84, 0x0c9e, 0x5602, 0xf273,
	0x3f0e, 0x6f84, 0x0c9f, 0x5602, 0x8084,
	0x6d94, 0x6deb, 0x0002, 0xf300, 0x0001,
	0x81f8, 0x60eb, 0xe900, 0x4ff8, 0x60ba,
	0x7681, 0x0000, 0x4ff8, 0x60bc, 0xee0f,
	0xfc00, 0xeefb, 0x7211, 0x6004, 0x6f00,
	0x0d87, 0x7100, 0x0010, 0x6de9, 0x0106,
	0x890e, 0x8101, 0x7604, 0x0000, 0xf166,
	0x000d, 0x6db1, 0x7604, 0x0000, 0x7689,
	0x0000, 0x8102, 0xf273, 0x3f3e, 0x7681,
	0x0000, 0x6f04, 0x0d00, 0xf074, 0x279d,
	0xe901, 0x0104, 0x8104, 0x1304, 0xf310,
	0x0004, 0x1002, 0xf84b, 0x3f37, 0x7101,
	0x0011, 0x76e1, 0x60d2, 0x0000, 0x76e1,
	0x60e4, 0x0000, 0xf273, 0x3f57, 0x7604,
	0x0004, 0x6f04, 0x0d00, 0xf074, 0x279d,
	0xe901, 0x0104, 0x8104, 0x1304, 0xf310,
	0x0009, 0x1002, 0xf84b, 0x3f50, 0x7101,
	0x0011, 0x7212, 0x6004, 0xe713, 0x7100,
	0x0010, 0x71e9, 0x60ce, 0x0014, 0x6dea,
	0x00d0, 0x6db2, 0x6c84, 0x3f84, 0xe724,
	0xe725, 0x11ec, 0x0047, 0x6ded, 0x0042,
	0x10e4, 0xffbf, 0xf84a, 0x3f7c, 0xf100,
	0x000f, 0xf273, 0x3f7f, 0xf495, 0x8185,
	0xf110, 0x000f, 0x8185, 0x7681, 0x0001,
	0x76e3, 0x60cc, 0x2000, 0xe721, 0x76ea,
	0x0045, 0x0000, 0x11ea, 0xffe1, 0x30ea,
	0x001e, 0x10e2, 0xffde, 0xf485, 0x6de9,
	0x0044, 0x10f8, 0x0008, 0x8c00, 0xfa4a,
	0x3fa8, 0xf010, 0x03e8, 0xe964, 0x0100,
	0xf84a, 0x3fa0, 0xf273, 0x3fb7, 0x1100,
	0xf495, 0x1100, 0xf842, 0x3fb7, 0xf310,
	0x0005, 0x8181, 0xf073, 0x3fb7, 0x1100,
	0xf310, 0x0064, 0xf84f, 0x3fb1, 0xf273,
	0x3fb7, 0x1100, 0xf495, 0x1100, 0xf842,
	0x3fb7, 0xf300, 0x0005, 0x8181, 0xee05,
	0xfc00, 0x8911, 0xe712, 0xeefb, 0x30e9,
	0x60c8, 0xe723, 0x1081, 0x08ea, 0x60d4,
	0x8100, 0xf843, 0x3ffb, 0x7682, 0x0002,
	0x76e3, 0x60c6, 0x0000, 0xf274, 0x3f1e,
	0x7681, 0x0000, 0x7100, 0x0012, 0x7211,
	0x6004, 0x11ea, 0x60cc, 0x890e, 0x20e9,
	0x004c, 0x4e02, 0x5602, 0xf453, 0x09f8,
	0x0008, 0x8182, 0x7001, 0x60e9, 0x11f8,
	0x000b, 0x6de9, 0x00ca, 0x0901, 0x4812,
	0xf84a, 0x3fe8, 0x7f01, 0x6f00, 0x0d47,
	0x7212, 0x6003, 0x8910, 0x60e2, 0x0012,
	0x8000, 0x6db1, 0xf830, 0x3ff7, 0xf273,
	0x3fff, 0x7681, 0x0002, 0xf273, 0x3fff,
	0x7681, 0x0003, 0x490e, 0xf300, 0x0001,
	0x8181, 0xee05, 0xfc00, 0x7211, 0x6008,
	0xeefb, 0x71e9, 0x000c, 0x0014, 0x6e84,
	0x4015, 0x8913, 0xe732, 0x71e1, 0x0002,
	0x0011, 0x6c81, 0x4015, 0xf200, 0x0001,
	0xf030, 0x0001, 0x8812, 0xe736, 0x30eb,
	0x60c6, 0x1083, 0x08e6, 0x60d6, 0xf843,
	0x4100, 0x7211, 0x6004, 0xe714, 0x6ff8,
	0x0010, 0x0d87, 0x6de9, 0x00d0, 0xe717,
	0x7683, 0x0000, 0x6db1, 0xe765, 0xe713,
	0x76e6, 0x60c8, 0x0000, 0x76e6, 0x60d4,
	0x0032, 0x6de9, 0x0042, 0x60ee, 0x60ce,
	0x0000, 0xfa30, 0x4043, 0x7000, 0x0016,
	0xe736, 0x7100, 0x0010, 0x30ee, 0x0006,
	0x7680, 0x0000, 0x8ce6, 0x003c, 0x6ff8,
	0x0012, 0x0c47, 0x8810, 0x6ff8, 0x0016,
	0x0d81, 0x6db7, 0xe760, 0x770e, 0x01fa,
	0x56ee, 0x60c2, 0x21f8, 0x0009, 0x880e,
	0xf020, 0x01fa, 0x29f8, 0x0009, 0x7719,
	0x01fa, 0x24f8, 0x0019, 0x770e, 0x0010,
	0xf78f, 0xf500, 0x4f02, 0x30e7, 0x0030,
	0x11f8, 0x000e, 0x5602, 0xf517, 0xf640,
	0x5586, 0x4ee0, 0x60c2, 0x11f8, 0x000b,
	0xe756, 0xf685, 0x8001, 0x11ed, 0x60d2,
	0x1085, 0xf010, 0x00c8, 0xf842, 0x4099,
	0x6dec, 0x0048, 0xe740, 0xe764, 0xf300,
	0x0001, 0x1001, 0x8185, 0x6dec, 0x60e4,
	0xf110, 0x0002, 0x6db2, 0xf84e, 0x4088,
	0x8c82, 0x7684, 0x0001, 0x11e0, 0xffe3,
	0xf310, 0x007d, 0xf84f, 0x4090, 0x7685,
	0x00c8, 0x6085, 0x00c8, 0xf820, 0x4099,
	0x7184, 0x0014, 0x6c84, 0x4099, 0x8c82,
	0x3081, 0x21f8, 0x60ea, 0x4f02, 0x5702,
	0x6ff8, 0x0012, 0x0d91, 0x490e, 0x8914,
	0x6c82, 0x40a7, 0x7712, 0x0001, 0x6c84,
	0x40ab, 0x7712, 0x0000, 0x09f8, 0x0012,
	0x8181, 0x76e9, 0x0004, 0x0002, 0x11e1,
	0xffe0, 0xf785, 0x6fe6, 0x60d0, 0x0c5f,
	0x11f8, 0x000b, 0x09f8, 0x0008, 0xf84a,
	0x4104, 0x1000, 0x7ef8, 0x0011, 0x6c81,
	0x4104, 0xe731, 0x30eb, 0x0044, 0x1183,
	0xf84e, 0x40fa, 0x11f8, 0x000e, 0xf84b,
	0x40f3, 0xe712, 0x11e9, 0x0045, 0x1081,
	0xf010, 0x0400, 0xf843, 0x40d8, 0xf273,
	0x40db, 0x7681, 0x0400, 0x01e6, 0x60ca,
	0x8181, 0x11e1, 0xfff0, 0x10f8, 0x000b,
	0x6dea, 0x0035, 0xf010, 0x0400, 0xf843,
	0x40e9, 0xf273, 0x4104, 0x7682, 0x0400,
	0x1085, 0xf010, 0x00c8, 0xf843, 0x4104,
	0xf300, 0x000c, 0x8182, 0xf073, 0x4104,
	0x490e, 0xf300, 0x0001, 0xf273, 0x4104,
	0xf495, 0x8183, 0x490e, 0xf310, 0x0001,
	0x8183, 0xf073, 0x4104, 0x490e, 0xf300,
	0x0001, 0x8183, 0xee05, 0xfc00, 0x7211,
	0x6004, 0xe714, 0x10e9, 0x006f, 0xfa46,
	0x4111, 0x8915, 0xeef7, 0x7681, 0x0001,
	0x10e9, 0xffff, 0x6de9, 0x0062, 0xf846,
	0x411a, 0x76e4, 0x006e, 0x0001, 0xe710,
	0xe753, 0x7216, 0x6003, 0x6de8, 0xff5c,
	0x6db5, 0x6ff8, 0x0010, 0x0d87, 0x6db1,
	0xe712, 0x60e6, 0x000c, 0x8000, 0x11e9,
	0x0037, 0x01e9, 0xfff2, 0x890e, 0x2185,
	0x4f00, 0x8ce9, 0x0017, 0x5700, 0x6fe1,
	0x0001, 0x0d93, 0xe731, 0xe715, 0x6deb,
	0x60d0, 0x6de9, 0x60cc, 0xf820, 0x415a,
	0x76ea, 0x0042, 0x0000, 0x76ea, 0x0002,
	0x0000, 0x76ea, 0x0002, 0x0002, 0x76ea,
	0xfffd, 0x0000, 0x76ea, 0x0002, 0x0400,
	0x76e4, 0x004b, 0x0000, 0x76e2, 0xfff0,
	0x0400, 0x76e5, 0x60d2, 0x00c9, 0xf273,
	0x41cb, 0x7681, 0x2000, 0x11ea, 0x0047,
	0xf785, 0x10f8, 0x000b, 0x08e2, 0x0001,
	0x7000, 0x0010, 0x7001, 0x0013, 0x7003,
	0x0011, 0xfa42, 0x416f, 0x4915, 0x8102,
	0xf074, 0x4001, 0xf073, 0x4171, 0xf074,
	0x3fb9, 0x7212, 0x6004, 0xe721, 0x30ea,
	0x004b, 0x8c04, 0x1182, 0x3002, 0x8cf8,
	0x0015, 0xf310, 0x0003, 0xf84a, 0x41c5,
	0x7210, 0x6008, 0xe753, 0x6de8, 0x0002,
	0xf166, 0x00c0, 0x6db3, 0x7210, 0x6007,
	0x8914, 0x6de9, 0x00d0, 0x6db4, 0x11e4,
	0x0016, 0x7100, 0x0010, 0xe714, 0x7216,
	0x6005, 0xf785, 0xf020, 0x1e70, 0xf620,
	0x6db1, 0x30e9, 0x0043, 0x11e6, 0x0064,
	0x8000, 0x6f81, 0x0e20, 0x8c05, 0x880e,
	0x2083, 0x4e06, 0x5606, 0xf453, 0x10f8,
	0x0008, 0x0800, 0xf846, 0x41b2, 0x3002,
	0xe801, 0xf48f, 0xf273, 0x41b6, 0x1a04,
	0x8082, 0x1005, 0xf000, 0x0001, 0x8081,
	0x0981, 0x76ec, 0x0042, 0x0000, 0x76e4,
	0x0080, 0x0000, 0x7103, 0x0011, 0x7101,
	0x0013, 0xf273, 0x41cb, 0xf495, 0x8183,
	0x7101, 0x0013, 0x7100, 0x0010, 0x7103,
	0x0011, 0x7212, 0x6004, 0xe724, 0x7216,
	0x6008, 0x6dea, 0x00d0, 0xe727, 0x6dee,
	0x0002, 0x6db2, 0xe760, 0x3083, 0xe723,
	0x6db5, 0x2185, 0x4f00, 0x5700, 0x6f00,
	0x0d93, 0x1100, 0x7215, 0x6005, 0x6fea,
	0x000f, 0x0f1d, 0x81e2, 0x0039, 0x11e5,
	0x0064, 0x10f8, 0x000b, 0x08f8, 0x60e8,
	0xf845, 0x41f9, 0xe742, 0x76ea, 0x004b,
	0x0000, 0x76ea, 0x00c8, 0x0000, 0x76e2,
	0x0080, 0x0000, 0x7212, 0x6003, 0xe725,
	0x7710, 0xfffe, 0x30ea, 0x0003, 0x81f8,
	0x60e8, 0x60b2, 0x8000, 0xf830, 0x4210,
	0x60f8, 0x000e, 0x8001, 0xf830, 0x4210,
	0x60f8, 0x000e, 0x8002, 0xf820, 0x4249,
	0xe736, 0x11eb, 0x0042, 0x6feb, 0xffff,
	0x0e00, 0x80eb, 0x0006, 0x60eb, 0xffff,
	0x0003, 0x6deb, 0x0002, 0xf820, 0x4230,
	0x60e5, 0x0012, 0x8000, 0x890e, 0xf820,
	0x422c, 0x2181, 0x4f00, 0x5700, 0xf273,
	0x4231, 0x6f00, 0x0d93, 0xf273, 0x4231,
	0x8000, 0xf495, 0x8000, 0x1183, 0x1000,
	0x08f8, 0x000b, 0x6dee, 0x0006, 0xf846,
	0x4248, 0xf784, 0x1000, 0x08f8, 0x000b,
	0x3000, 0xf843, 0x4244, 0xf273, 0x4249,
	0x8c86, 0xf495, 0xf273, 0x4249, 0x8186,
	0xf495, 0x8186, 0x1182, 0x60f8, 0x000b,
	0x0001, 0xf830, 0x426a, 0x60f8, 0x000b,
	0x0002, 0xf830, 0x4266, 0x60e7, 0x0046,
	0x0003, 0xf830, 0x4262, 0x60e7, 0x00c6,
	0x0003, 0xf830, 0x4262, 0xf273, 0x426c,
	0x7684, 0x0002, 0xf273, 0x426c, 0x7684,
	0x0003, 0xf273, 0x426c, 0x7684, 0x0000,
	0x7684, 0x0001, 0xee09, 0xfc00, 0x7211,
	0x6005, 0x7210, 0x6004, 0xeef7, 0x6de8,
	0x00d0, 0x60e1, 0x007f, 0x8000, 0xf830,
	0x4285, 0x81e8, 0x0003, 0x300a, 0x8ce8,
	0x0080, 0x81e8, 0xffa4, 0x8ce0, 0x0080,
	0xf073, 0x42c5, 0x60f8, 0x6014, 0x0004,
	0xf820, 0x428d, 0x76f8, 0x6014, 0x0000,
	0x7211, 0x6014, 0xe782, 0x81e1, 0x6015,
	0x771a, 0x0003, 0x100a, 0xe900, 0x80e1,
	0x6019, 0x4fea, 0x0004, 0x7713, 0x6015,
	0x7714, 0x6019, 0xf272, 0x42a7, 0xf495,
	0x4f06, 0x5782, 0x0193, 0x4f92, 0x5782,
	0x0194, 0x4f8a, 0x5792, 0xf020, 0x1000,
	0xf60b, 0x4e00, 0x5682, 0xf120, 0x1000,
	0xf50b, 0x4f02, 0x4911, 0x5600, 0x6fe8,
	0x0027, 0x0c93, 0xf300, 0x0001, 0x81f8,
	0x6014, 0x4810, 0x5702, 0x6fe0, 0x0080,
	0x0d93, 0x7ee8, 0xffdc, 0x6fe0, 0x0080,
	0x0d93, 0xee09, 0xfc00, 0xeeff, 0xe800,
	0xee01, 0x4ef8, 0x60ec, 0x76f8, 0x60ee,
	0x0000, 0x76f8, 0x60ef, 0x0000, 0xfc00,
	0x7212, 0x6007, 0x7210, 0x6004, 0x8913,
	0x6ff8, 0x0011, 0x0d87, 0x6de8, 0x00de,
	0x60e2, 0x0182, 0x8000, 0x890e, 0xfa30,
	0x42eb, 0xeef7, 0x6db1, 0x7681, 0x0000,
	0xf273, 0x4379, 0xf7b8, 0x110a, 0x6dea,
	0x0190, 0xe720, 0xf066, 0x00c0, 0x6db3,
	0x11e8, 0x0002, 0x8100, 0xf310, 0x0001,
	0x8812, 0x8101, 0xf6b8, 0x6f01, 0x0d5f,
	0xf020, 0x2000, 0x7883, 0x000b, 0x8102,
	0x8003, 0x2002, 0x8002, 0xf120, 0x2000,
	0x6ff8, 0x0008, 0x0e20, 0x010a, 0x8105,
	0x1305, 0x8006, 0x6de8, 0xfeb8, 0xf640,
	0x6db2, 0x0b06, 0xfa4e, 0x4317, 0x8c04,
	0x0a03, 0xf073, 0x4319, 0xf847, 0x4333,
	0xf84f, 0x432c, 0xfa47, 0x4328, 0x7101,
	0x0010, 0x6f02, 0x0d41, 0x6db2, 0x0982,
	0xf7b8, 0xf273, 0x4379, 0x8181, 0x110a,
	0xf273, 0x4379, 0xf7b8, 0x110a, 0xe900,
	0x0982, 0xf7b8, 0xf273, 0x4379, 0x8181,
	0x110a, 0x1100, 0xf310, 0x0003, 0x6dea,
	0x0015, 0x8913, 0xe720, 0x1105, 0x0906,
	0x6db3, 0x6d93, 0xe800, 0x6d92, 0x8103,
	0x8000, 0x8101, 0xf7b8, 0xe730, 0x6f04,
	0x0e20, 0x1301, 0x8005, 0x0b00, 0x1000,
	0xfa4f, 0x436d, 0x0004, 0x8000, 0x1301,
	0x0b00, 0xf84e, 0x436d, 0x3003, 0x24ea,
	0xffff, 0x1182, 0x4e00, 0x1203, 0x21f8,
	0x000c, 0x7982, 0x0009, 0x770e, 0x0010,
	0xf78f, 0x5600, 0xf600, 0x4e00, 0x5700,
	0x6f00, 0x0d96, 0x1100, 0x01e2, 0xffeb,
	0xf273, 0x4374, 0x6f02, 0x0e20, 0xf6aa,
	0x1105, 0xfa20, 0x4345, 0x8103, 0x6d92,
	0xe800, 0x110a, 0x6ff8, 0x0008, 0x0e20,
	0x8081, 0xee09, 0xfe00, 0x6f81, 0x0e20,
	0x7211, 0x6004, 0x6ff8, 0x0010, 0x0d87,
	0x6de9, 0x00d0, 0xe712, 0x7213, 0x6007,
	0x6db1, 0x60e3, 0x0181, 0x8000, 0x6de9,
	0x000d, 0xfa30, 0x4396, 0x8914, 0xeef7,
	0xf7b8, 0xf273, 0x4427, 0x7681, 0x0000,
	0x6deb, 0x0190, 0xe730, 0xe705, 0xf200,
	0x0001, 0x890e, 0x11ed, 0x0002, 0x6db4,
	0xf030, 0x0001, 0x6ff8, 0x0010, 0x0c87,
	0x8100, 0xf310, 0x0001, 0xf066, 0x00c0,
	0x8101, 0xf6b8, 0x8813, 0x6f01, 0x0d5f,
	0xf020, 0x2000, 0x7884, 0x000b, 0x8102,
	0x8003, 0xf120, 0x2000, 0x6f0a, 0x0e00,
	0x2d02, 0x8002, 0x1202, 0x8105, 0x6db2,
	0x6ded, 0xfe8e, 0xf540, 0x6dea, 0x000d,
	0x0a05, 0x8c04, 0xe750, 0xfa46, 0x43cc,
	0x6db3, 0x0b03, 0xf073, 0x43ce, 0xf84f,
	0x43e5, 0xf847, 0x43df, 0xfa4f, 0x43db,
	0x7101, 0x0010, 0xe900, 0xf7b8, 0x6db3,
	0xf273, 0x4427, 0x0983, 0x8182, 0xf273,
	0x4427, 0xf7b8, 0xf495, 0xe900, 0xf7b8,
	0xf273, 0x4427, 0x0983, 0x8182, 0xe900,
	0x8101, 0x1100, 0xf310, 0x0003, 0x8910,
	0xe734, 0x1002, 0x6f05, 0x0d20, 0x6db4,
	0x8100, 0x490b, 0x6d94, 0x6d93, 0x4f02,
	0xf7b8, 0xe740, 0x0b04, 0x1200, 0x4f06,
	0x0a01, 0x1101, 0xfa47, 0x441f, 0x0104,
	0x8101, 0x1300, 0x0b01, 0xf84e, 0x441f,
	0x5602, 0x6d8b, 0x880e, 0x11e3, 0x0015,
	0x21f8, 0x000c, 0x8c00, 0x79e3, 0x0015,
	0x0009, 0x3000, 0x24e3, 0x0015, 0x770e,
	0x0010, 0xf78f, 0xf500, 0x4f00, 0x5700,
	0x6f00, 0x0d91, 0x1100, 0xf273, 0x4426,
	0x0183, 0xf784, 0xf6ab, 0x5706, 0xfa20,
	0x43f7, 0x4f02, 0x6d93, 0xe900, 0x8182,
	0x110a, 0xee09, 0xfe00, 0x6f81, 0x0e20,
	0x7214, 0x6008, 0x7211, 0x6004, 0x8910,
	0xe742, 0xe715, 0x7213, 0x6007, 0x6dec,
	0x0002, 0x6de9, 0x0070, 0xeefb, 0x60e3,
	0x0184, 0x8000, 0x6db4, 0x6db1, 0xfa30,
	0x4447, 0x3084, 0x8c00, 0xf273, 0x4480,
	0x1100, 0x8181, 0x62ea, 0x0012, 0x02d3,
	0x890e, 0xf166, 0x00c0, 0x8910, 0x4e02,
	0x5602, 0x6db3, 0x30eb, 0x0019, 0x11e3,
	0x0001, 0x60e2, 0x0001, 0x0000, 0x6f01,
	0x0c96, 0x8102, 0xf830, 0x4460, 0x490e,
	0x3002, 0x8102, 0x11e5, 0x0045, 0x10f8,
	0x000b, 0x0801, 0xf846, 0x447b, 0x1001,
	0xf484, 0x11f8, 0x000b, 0x09f8, 0x0008,
	0x3000, 0xf84b, 0x4474, 0xf273, 0x4480,
	0x8c81, 0xf495, 0x2102, 0x4f00, 0x5700,
	0xf273, 0x4480, 0x6f81, 0x0d96, 0x2100,
	0x4f00, 0x5700, 0x6f81, 0x0d96, 0xee05,
	0xfc00, 0x771a, 0x0013, 0x76f8, 0x6121,
	0x0000, 0xe800, 0x76f8, 0x611d, 0x0000,
	0x76f8, 0x6120, 0x0000, 0x4ef8, 0x611e,
	0x7710, 0x60f5, 0xf272, 0x4499, 0xf495,
	0xeeff, 0x7690, 0x0000, 0x7690, 0x0000,
	0xee01, 0xfc00, 0x7210, 0x6004, 0xeef9,
	0x6de8, 0x0080, 0x30e0, 0x0030, 0x490e,
	0x0bf8, 0x6121, 0xf84d, 0x4502, 0x45e8,
	0x002e, 0x56f8, 0x48dc, 0xf280, 0x4e00,
	0x1198, 0x56f8, 0x48de, 0xf280, 0x5700,
	0xf1a0, 0x4f00, 0x11e8, 0x0002, 0x56f8,
	0x48de, 0xf280, 0x4e02, 0x45f8, 0x000e,
	0x56f8, 0x48dc, 0xf280, 0x5702, 0xf1a0,
	0xf640, 0x55f8, 0x611e, 0xf6b8, 0x4f02,
	0x5702, 0x4e04, 0x6de8, 0xffd4, 0x5504,
	0xf84f, 0x44d2, 0x5700, 0xf310, 0x0001,
	0x4f00, 0x771a, 0x0013, 0x7711, 0x60f5,
	0x4811, 0xf072, 0x44e0, 0x7e90, 0x7691,
	0x0000, 0x4811, 0x7e90, 0x7691, 0x0000,
	0x4811, 0x5700, 0x56f8, 0x48de, 0xf290,
	0x80e8, 0xffd4, 0x5600, 0x57f8, 0x48de,
	0xf280, 0x8098, 0x5602, 0xf190, 0x8198,
	0x5702, 0x56f8, 0x48de, 0xf180, 0x8198,
	0x70e0, 0xfffc, 0x60f0, 0x8cf8, 0x6121,
	0x76f8, 0x6120, 0x0000, 0x76f8, 0x611d,
	0x0000, 0x76f8, 0x60f0, 0x0000, 0xee07,
	0xfe00, 0xf7b8, 0xf495, 0x7210, 0x6004,
	0xeef9, 0x11e0, 0x00ad, 0xf230, 0x00ff,
	0x8000, 0xf330, 0xff00, 0x1000, 0x490b,
	0xf6b8, 0x7710, 0x4240, 0x6f02, 0x0d98,
	0x30f8, 0x0010, 0x21f8, 0x0009, 0x3000,
	0x56f8, 0x48e0, 0x29f8, 0x0009, 0x3000,
	0x24f8, 0x0010, 0x770e, 0x0010, 0xf78f,
	0xf500, 0x4f04, 0x1302, 0xf310, 0x0014,
	0xf84f, 0x452f, 0x7602, 0x0014, 0x5704,
	0xf84c, 0x453a, 0xf274, 0x4482, 0xf7b8,
	0xf495, 0xf273, 0x4541, 0xe900, 0xf495,
	0x56f8, 0x611e, 0x5404, 0xe900, 0xf843,
	0x4541, 0xe901, 0x6002, 0x0000, 0xf830,
	0x457e, 0x60f8, 0x000b, 0x0001, 0xf820,
	0x456b, 0x7210, 0x6120, 0x6c80, 0x456b,
	0x6ff8, 0x611d, 0x0d41, 0x8911, 0x7210,
	0x6004, 0x6de9, 0x60f5, 0x30e8, 0x00d1,
	0x8c91, 0x4811, 0x7fe8, 0x0080, 0xe903,
	0xe801, 0x19e0, 0xfeaf, 0x00f8, 0x611d,
	0xf74c, 0xf1a0, 0x80f8, 0x611d, 0xe800,
	0x4ef8, 0x611e, 0x81f8, 0x60f0, 0x1102,
	0xf210, 0x0001, 0x13f8, 0x611d, 0x0bf8,
	0x0008, 0xf84f, 0x4584, 0x1102, 0xf310,
	0x0001, 0x81f8, 0x611d, 0x76f8, 0x6120,
	0x0001, 0xf073, 0x4584, 0x76f8, 0x611d,
	0x0000, 0x76f8, 0x6120, 0x0001, 0xee07,
	0xfe00, 0xf7b8, 0xf495, 0x57f8, 0x48e2,
	0xe801, 0xeeff, 0x53f8, 0x611e, 0x00f8,
	0x6086, 0xee01, 0x4ff8, 0x611e, 0x80f8,
	0x6086, 0xfc00, 0x771a, 0x0001, 0x7711,
	0x612c, 0x7712, 0x612a, 0x7713, 0x6128,
	0x7714, 0x6126, 0x7715, 0x6124, 0x7710,
	0x6122, 0xf272, 0x45b3, 0xf495, 0xeeff,
	0x7690, 0x0000, 0x7695, 0x0000, 0x7694,
	0x0000, 0x7693, 0x0000, 0x7692, 0x0000,
	0x7691, 0x0000, 0xee01, 0x76f8, 0x612e,
	0x0000, 0x76f8, 0x612f, 0x0000, 0x76f8,
	0x6130, 0x0000, 0x76f8, 0x6131, 0x0000,
	0xfc00, 0xe801, 0x8810, 0x00f8, 0x612e,
	0x7212, 0x6004, 0x80f8, 0x612e, 0xe721,
	0x10f8, 0x0008, 0xeeff, 0x11ea, 0x002f,
	0xf010, 0x000f, 0xf847, 0x45e5, 0xf200,
	0x001e, 0x11f8, 0x0008, 0x76f8, 0x612e,
	0x0000, 0xf310, 0x0400, 0xf84e, 0x45e3,
	0xf273, 0x45e5, 0x8082, 0xf495, 0x7682,
	0x0400, 0x7212, 0x6003, 0x10e2, 0x0003,
	0x60f8, 0x0008, 0x8001, 0xf820, 0x45f0,
	0x7710, 0x0000, 0x60f8, 0x0010, 0x0000,
	0xf830, 0x45fa, 0x60f8, 0x0008, 0x8002,
	0xf820, 0x45fd, 0x76e1, 0x0115, 0x0000,
	0xee01, 0xfc00, 0x771a, 0x00fd, 0x7710,
	0x7700, 0xe800, 0xf272, 0x460b, 0xeefb,
	0x4910, 0xf300, 0x0001, 0x0280, 0x8910,
	0x4e00, 0x57f8, 0x48e4, 0xf280, 0x770e,
	0x0010, 0xf48f, 0x4e02, 0xf6b8, 0x5600,
	0xf190, 0x5602, 0xee05, 0xfe00, 0xf7b8,
	0xf2a0, 0x771a, 0x01fd, 0x7710, 0x7500,
	0xe800, 0xf272, 0x4628, 0xeefb, 0x4910,
	0xf300, 0x0001, 0x0280, 0x8910, 0x4e00,
	0x57f8, 0x48e6, 0xf280, 0x770e, 0x0010,
	0xf48f, 0x4e02, 0xf6b8, 0x5600, 0xf190,
	0x5602, 0xee05, 0xfe00, 0xf7b8, 0xf2a0,
	0x7210, 0x6003, 0xeeff, 0x10e0, 0x0001,
	0x60f8, 0x0008, 0x0000, 0xf830, 0x46b0,
	0x7211, 0x6001, 0x60f8, 0x0008, 0x0001,
	0x30e9, 0x000f, 0xf830, 0x4671, 0x60f8,
	0x0008, 0x0002, 0xf820, 0x46b2, 0x6de8,
	0x000e, 0x60f8, 0x000e, 0xa6a6, 0xf830,
	0x465d, 0x60f8, 0x000e, 0x5959, 0xf820,
	0x465f, 0x7680, 0x8000, 0x6080, 0x8001,
	0xf820, 0x466d, 0x7680, 0x0000, 0x76e8,
	0xfff3, 0x0000, 0x7698, 0x0000, 0x76e0,
	0xfffe, 0xa002, 0x7681, 0x0000, 0xf073,
	0x46b2, 0x60f8, 0x000e, 0x5959, 0xf830,
	0x4690, 0x60f8, 0x000e, 0xa6a6, 0xf820,
	0x469d, 0xf274, 0x45ff, 0x7681, 0x0000,
	0x7210, 0x6008, 0x4ee0, 0x00fe, 0xf074,
	0x461c, 0x7210, 0x6003, 0x7211, 0x6007,
	0x76e0, 0x000e, 0x8000, 0x4ee1, 0x01fe,
	0xf073, 0x469d, 0xf274, 0x45ff, 0x7681,
	0x0000, 0x7210, 0x6008, 0x7211, 0x6003,
	0x4ee0, 0x00fe, 0x76e1, 0x000e, 0x8000,
	0x7210, 0x6003, 0x60e8, 0x000e, 0x8001,
	0xf820, 0x46b2, 0x7680, 0x0000, 0x76e8,
	0xfff3, 0x0000, 0x7698, 0x0000, 0x76e0,
	0xfffe, 0xa001, 0xf073, 0x46b2, 0x7680,
	0xa000, 0xf074, 0x23d9, 0x76f8, 0xd902,
	0x0004, 0xee01, 0x76f8, 0xd408, 0x0001,
	0xfc00, 0x7213, 0x6003, 0xe900, 0x71e3,
	0x0001, 0x0012, 0x8910, 0xeefd, 0xf4aa,
	0xf830, 0x470b, 0x60f8, 0x0012, 0x0001,
	0xf820, 0x470d, 0x7213, 0x6001, 0x10e3,
	0x000f, 0x60f8, 0x0008, 0x5959, 0xf830,
	0x46e7, 0x60f8, 0x0008, 0xa6a6, 0xf820,
	0x46f2, 0x7213, 0x6007, 0x7600, 0x0300,
	0xf074, 0x485a, 0x7213, 0x6003, 0x76e3,
	0x000e, 0x8000, 0xf073, 0x46f2, 0x7213,
	0x6008, 0x7600, 0x0100, 0xf074, 0x485a,
	0x7213, 0x6003, 0x76e3, 0x000e, 0x8000,
	0x7213, 0x6003, 0x60eb, 0x000e, 0x8001,
	0xf820, 0x4704, 0x7683, 0x0000, 0x76eb,
	0xfff3, 0x0000, 0x76eb, 0xffff, 0xb001,
	0x76e3, 0x0002, 0x0000, 0x7213, 0x6001,
	0x76e3, 0x000f, 0x0000, 0xf073, 0x470d,
	0x7683, 0xb000, 0xee03, 0xfc00, 0xeeff,
	0x76f8, 0x6132, 0x0000, 0xee01, 0x76f8,
	0x6009, 0x0000, 0x76f8, 0x6133, 0x0000,
	0xfc00, 0x7211, 0x6009, 0xeefb, 0x6c81,
	0x4736, 0x7211, 0x6003, 0x60e1, 0x0010,
	0x0001, 0xf830, 0x4736, 0x57f8, 0x48e8,
	0x7211, 0x6004, 0x19f8, 0xd608, 0x81f8,
	0xd608, 0x11e9, 0x0043, 0x10e1, 0xffff,
	0x8000, 0xf074, 0x2e39, 0x7211, 0x6004,
	0x11f8, 0x6080, 0x6ff8, 0x0010, 0x0d87,
	0x6de9, 0x00d3, 0x6db1, 0x1081, 0x7000,
	0x6134, 0x8001, 0xf074, 0x3a54, 0x60f8,
	0x6080, 0x0001, 0xf820, 0x474d, 0xf074,
	0x4588, 0x11f8, 0x6081, 0xf074, 0x2477,
	0x7002, 0x6009, 0x6002, 0x0000, 0xf830,
	0x484e, 0x6002, 0x0001, 0xfa30, 0x483d,
	0x7003, 0x6003, 0x11f8, 0x6132, 0x6002,
	0x0002, 0xfa30, 0x4835, 0x7000, 0x6133,
	0x6002, 0x0003, 0xf830, 0x482b, 0x6002,
	0x0004, 0xf830, 0x4818, 0x6002, 0x0005,
	0xf830, 0x4812, 0x6002, 0x0006, 0xf830,
	0x480a, 0x6002, 0x0007, 0xf830, 0x4804,
	0x6002, 0x0008, 0xf830, 0x47e8, 0x6002,
	0x0009, 0xf830, 0x47cc, 0x6002, 0x000a,
	0xf830, 0x47c4, 0x6002, 0x000b, 0xf830,
	0x47ae, 0x6002, 0x000c, 0xf830, 0x479d,
	0x6002, 0x000d, 0xf830, 0x484e, 0x6002,
	0x000e, 0xf820, 0x484e, 0xf074, 0x426e,
	0xf074, 0x4506, 0xf074, 0x449c, 0xf073,
	0x484e, 0x7103, 0x0011, 0x11e1, 0x0003,
	0xf310, 0x8000, 0x490b, 0xf310, 0x0003,
	0xf84b, 0x47aa, 0xf073, 0x484e, 0xf074,
	0x45c2, 0xf073, 0x484e, 0xf074, 0x3886,
	0x7211, 0x6004, 0x10e1, 0x00d3, 0x8000,
	0xf274, 0x391a, 0xe900, 0xf495, 0x7211,
	0x6004, 0x10e1, 0x0153, 0x8000, 0xf274,
	0x391a, 0xe901, 0xf495, 0xf073, 0x484e,
	0xf074, 0x426e, 0xf074, 0x4506, 0xf074,
	0x449c, 0xf073, 0x484e, 0xf274, 0x442c,
	0xe901, 0xf495, 0x7000, 0x6134, 0xf274,
	0x3b0a, 0xe901, 0xf495, 0x80f8, 0x6133,
	0x8000, 0xf274, 0x437d, 0xe901, 0xf495,
	0x80f8, 0x6133, 0x8000, 0xf274, 0x42d3,
	0xe901, 0xf495, 0x80f8, 0x6133, 0xf073,
	0x484e, 0xf274, 0x442c, 0xe900, 0xf495,
	0x7000, 0x6134, 0xf274, 0x3b0a, 0xe900,
	0xf495, 0x80f8, 0x6132, 0x8000, 0xf274,
	0x437d, 0xe900, 0xf495, 0x80f8, 0x6132,
	0x8000, 0xf274, 0x42d3, 0xe900, 0xf495,
	0x80f8, 0x6132, 0xf073, 0x484e, 0xf274,
	0x4106, 0xe901, 0xf495, 0xf073, 0x484e,
	0xf074, 0x426e, 0xf074, 0x4506, 0xf074,
	0x449c, 0xf073, 0x484e, 0xf274, 0x4106,
	0xe900, 0xf495, 0xf073, 0x484e, 0xf274,
	0x286c, 0xe901, 0xf495, 0xf274, 0x28db,
	0xe901, 0xf495, 0x7211, 0x6003, 0x60e1,
	0x0008, 0x0000, 0xf830, 0x484e, 0xf074,
	0x3d1b, 0xf073, 0x484e, 0xf274, 0x286c,
	0xe900, 0xf495, 0xf274, 0x28db, 0xe900,
	0xf495, 0xf073, 0x484e, 0xf074, 0x426e,
	0xf074, 0x4506, 0xf074, 0x449c, 0xf073,
	0x484e, 0x7103, 0x0011, 0x60e1, 0x0010,
	0x0001, 0xf830, 0x4846, 0xf074, 0x2c68,
	0xf274, 0x27e6, 0xe900, 0xf495, 0xf274,
	0x27e6, 0xe901, 0xf495, 0x7211, 0x6003,
	0xee05, 0x11e1, 0x0001, 0x81f8, 0x6134,
	0xf340, 0x1000, 0xfe00, 0xf495, 0x8181,
	0xeeff, 0x1202, 0xf847, 0x4866, 0x1002,
	0xf010, 0x0001, 0x881a, 0xe730, 0xf072,
	0x4865, 0x8190, 0xee01, 0xfe00, 0xe732,
	0xf495, 0x771a, 0x000f, 0xeeff, 0xf272,
	0x4871, 0xf6b8, 0x490b, 0x1f02, 0x8303,
	0xee01, 0xfe00, 0xf7b8, 0x480b, 0xeefd,
	0x5604, 0xfa43, 0x489e, 0x4f00, 0xf6b8,
	0x771a, 0x001f, 0x770e, 0xffe1, 0xf272,
	0x4899, 0xe900, 0x4f06, 0x5600, 0x5706,
	0xf741, 0xf48f, 0xf2a0, 0x4e06, 0x5700,
	0xf641, 0x5706, 0x5504, 0x4e00, 0xf84b,
	0x4899, 0x5600, 0x5704, 0x5906, 0xf040,
	0x0001, 0x4e00, 0x4f06, 0xf495, 0xf273,
	0x48a9, 0x5600, 0xf495, 0x5600, 0x5404,
	0xf843, 0x48a7, 0xe801, 0xf273, 0x48a9,
	0x5504, 0x4f06, 0x4f06, 0xe800, 0xee03,
	0xfe00, 0xf7b8, 0xf495, 0x0000, 0x000f,
	0xfdf1, 0x000f, 0xfef9, 0xfff0, 0x0107,
	0x000f, 0xf7c6, 0x000f, 0xf7c6, 0x000f,
	0xfbe3, 0xfff0, 0x041d, 0x000f, 0xe13c,
	0x000f, 0x686c, 0x001f, 0xfe5b, 0xfff0,
	0x0000, 0x0010, 0x0000, 0x001f, 0xe4ef,
	0xfff0, 0x19a8, 0xffff, 0xf32d, 0x0000,
	0xffff, 0x0000, 0xffff, 0x0000, 0xff00,
	0x0100, 0x0000, 0x0100, 0x0000, 0xffff,
	0x8000, 0x0100, 0x0000, 0x0100, 0x0000,
	0xffff, 0x0000, 0x0000, 0xffff, 0x000f,
	0x4240, 0x0001, 0x86a0, 0x0000, 0xffff,
	0x0000, 0xffff, 0x000f, 0xfffd, 0x0000,
	0x0000, 0x0000, 0x0000, 0x0000, 0x0000,
	0x0000, 0x0000, 0x0000, 0x0000, 0x0000,
	0x0000, 0x0000, 0x0000, 0x0000, 0x0000,
	0x0000, 0x0000, 0x0000, 0x0000, 0x0000,
	0x0000, 0x0000, 0x0000, 0x0000, 0x0000,
	0x0000, 0x0000, 0x0000, 0x0000, 0x0000,
	0x0000, 0x0000, 0x0000, 0x0000, 0x0000,
	0x0000, 0x0000, 0x0000, 0x0000, 0x0000,
	0x0000, 0x0000, 0x0000, 0x0000, 0x0000,
	0x0000, 0x0000, 0x0000, 0x0000, 0x0000,
	0x0000, 0x0000, 0x0000, 0x0000, 0x0000,
	0x0000, 0x0000, 0x0000, 0x0000, 0x0000,
	0x0000, 0x0000, 0x0000, 0x0000, 0x0000,
	0x0000, 0x0000, 0x0000, 0x0000, 0x0000,
	0x0000, 0x0000, 0x0000, 0x0000, 0x0000,
	0x0000, 0x0000, 0x0000, 0x0000, 0x0000,
	0x0000, 0x0000, 0x0000, 0x0000, 0x0000,
	0x0000, 0x0000, 0x0000, 0x0000, 0x0000,
	0x0000, 0x0000, 0x0000, 0x0000, 0x0000,
	0x0000, 0x0000, 0x0000, 0x0000, 0x0000,
	0x0000, 0x0000, 0x0000, 0x0000, 0x0000,
	0x0000, 0x0000, 0x0000, 0x0000, 0x0000,
	0x0000, 0x0000, 0x0000, 0x0000, 0x0000,
	0x0000, 0x0000, 0x0000, 0x0000, 0x0000,
	0x0000, 0x0000, 0x0000, 0x0000, 0x0000,
	0x0000, 0x0000, 0x0000, 0x0000, 0x0000,
	0x0000, 0x0000, 0x0000, 0x0000, 0x0000,
	0x0000, 0x0000, 0x0000, 0x0000, 0x0000,
	0x0000, 0x0000, 0x0000, 0x0000, 0x0000,
	0x0000, 0x0000, 0x0000, 0x0000, 0x0000,
	0x0000, 0x0000, 0x0000, 0x0000, 0x0000,
	0x0000, 0x0000, 0x0000, 0x0000, 0x0000,
	0x0000, 0x0000, 0x0000, 0x0000, 0x0000,
	0x0000, 0x0000, 0x0000, 0x0000, 0x0000,
	0x0000, 0x0000, 0x0000, 0x0000, 0x0000,
	0x0000, 0x0000, 0x0000, 0x0000, 0x0000,
	0x0000, 0x0000, 0x0000, 0x0000, 0x0000,
	0x0000, 0x0000, 0x0000, 0x0000, 0x0000,
	0x0000, 0x0000, 0x0000, 0x0000, 0x0000,
	0x0000, 0x0000, 0x0000, 0x0000, 0x0000,
	0x0000, 0x0000, 0x0000, 0x0000, 0x0000,
	0x0000, 0x0000, 0x0000, 0x0000, 0x0000,
	0x0000, 0x0000, 0x0000, 0x0000, 0x0000,
	0x0000, 0x0000, 0x0000, 0x0000, 0x0000,
	0x0000, 0x0000, 0x0000, 0x0000, 0x0000,
	0x0000, 0x0000, 0x0000, 0x0000, 0x0000,
	0x0000, 0x0000, 0x0000, 0x0000, 0x0000,
	0x0000, 0x0000, 0x0000, 0x0000, 0x0000,
	0x0000, 0x0000, 0x0000, 0x0000, 0x0000,
	0x0000, 0x0000, 0x0000, 0x0000, 0x0000,
	0x0000, 0x0000, 0x0000, 0x0000, 0x0000,
	0x0000, 0x0000, 0x0000, 0x0000, 0x0000,
	0x0000, 0x0000, 0x0000, 0x0000, 0x0000,
	0x0000, 0x0000, 0x0000, 0x0000, 0x0000,
	0x0000, 0x0000, 0x0000, 0x0000, 0x0000,
	0x0000, 0x0000, 0x0000, 0x0000, 0x0000,
	0x0000, 0x0000, 0x0000, 0x0000, 0x0000,
	0x0000, 0x0000, 0x0000, 0x0000, 0x0000,
	0x0000, 0x0000, 0x0000, 0x0000, 0x0000,
	0x0000, 0x0000, 0x0000, 0x0000, 0x0000,
	0x0000, 0x0000, 0x0000, 0x0000, 0x0000,
	0x0000, 0x0000, 0x0000, 0x0000, 0x0000,
	0x0000, 0x0000, 0x0000, 0x0000, 0x0000,
	0x0000, 0x0000, 0x0000, 0x0000, 0x0000,
	0x0000, 0x0000, 0x0000, 0x0000, 0x0000,
	0x0000, 0x0000, 0x0000, 0x0000, 0x0000,
	0x0000, 0x0000, 0x0000, 0x0000, 0x0000,
	0x0000, 0x0000, 0x0000, 0x0000, 0x0000,
	0x0000, 0x0000, 0x0000, 0x0000, 0x0000,
	0x0000, 0x0000, 0x0000, 0x0000, 0x0000,
	0x0000, 0x0000, 0x0000, 0x0000, 0x0000,
	0x0000, 0x0000, 0x0000, 0x0000, 0x0000,
	0x0000, 0x0000, 0x0000, 0x0000, 0x0000,
	0x0000, 0x0000, 0x0000, 0x0000, 0x0000,
	0x0000, 0x0000, 0x0000, 0x0000, 0x0000,
	0x0000, 0x0000, 0x0000, 0x0000, 0x0000,
	0x0000, 0x0000, 0x0000, 0x0000, 0x0000,
	0x0000, 0x0000, 0x0000, 0x0000, 0x0000,
	0x0000, 0x0000, 0x0000, 0x0000, 0x0000,
	0x0000, 0x0000, 0x0000, 0x0000, 0x0000,
	0x0000, 0x0000, 0x0000, 0x0000, 0x0000,
	0x0000, 0x0000, 0x0000, 0x0000, 0x0000,
	0x0000, 0x0000, 0x0000, 0x0000, 0x0000,
	0x0000, 0x0000, 0x0000, 0x0000, 0x0000,
	0x0000, 0x0000, 0x0000, 0x0000, 0x0000,
	0x0000, 0x0000, 0x0000, 0x0000, 0x0000,
	0x0000, 0x0000, 0x0000, 0x0000, 0x0000,
	0x0000, 0x0000, 0x0000, 0x0000, 0x0000,
	0x0000, 0x0000, 0x0000, 0x0000, 0x0000,
	0x0000, 0x0000, 0x0000, 0x0000, 0x0000,
	0x0000, 0x0000, 0x0000, 0x0000, 0x0000,
	0x0000, 0x0000, 0x0000, 0x0000, 0x0000,
	0x0000, 0x0000, 0x0000, 0x0000, 0x0000,
	0x0000, 0x0000, 0x0000, 0x0000, 0x0000,
	0x0000, 0x0000, 0x0000, 0x0000, 0x0000,
	0x0000, 0x0000, 0x0000, 0x0000, 0x0000,
	0x0000, 0x0000, 0x0000, 0x0000, 0x0000,
	0x0000, 0x0000, 0x0000, 0x0000, 0x0000,
	0x0000, 0x0000, 0x0000, 0x0000, 0x0000,
	0x0000, 0x0000, 0x0000, 0x0000, 0x0000,
	0x0000, 0x0000, 0x0000, 0x0000, 0x0000,
	0x0000, 0x0000, 0x0000, 0x0000, 0x0000,
	0x0000, 0x0000, 0x0000, 0x0000, 0x0000,
	0x0000, 0x0000, 0x0000, 0x0000, 0x0000,
	0x0000, 0x0000, 0x0000, 0x0000, 0x0000,
	0x0000, 0x0000, 0x0000, 0x0000, 0x0000,
	0x0000, 0x0000, 0x0000, 0x0000, 0x0000,
	0x0000, 0x0000, 0x0000, 0x0000, 0x0000,
	0x0000, 0x0000, 0x0000, 0x0000, 0x0000,
	0x0000, 0x0000, 0x0000, 0x0000, 0x0000,
	0x0000, 0x0000, 0x0000, 0x0000, 0x0000,
	0x0000, 0x0000, 0x0000, 0x0000, 0x0000,
	0x0000, 0x0000, 0x0000, 0x0000, 0x0000,
	0x0000, 0x0000, 0x0000, 0x0000, 0x0000,
	0x0000, 0x0000, 0x0000, 0x0000, 0x0000,
	0x0000, 0x0000, 0x0000, 0x0000, 0x0000,
	0x0000, 0x0000, 0x0000, 0x0000, 0x0000,
	0x0000, 0x0000, 0x0000, 0x0000, 0x0000,
	0x0000, 0x0000, 0x0000, 0x0000, 0x0000,
	0x0000, 0x0000, 0x0000, 0x0000, 0x0000,
	0x0000, 0x0000, 0x0000, 0x0000, 0x0000,
	0x0000, 0x0000, 0x0000, 0x0000, 0x0000,
	0x0000, 0x0000, 0x0000, 0x0000, 0x0000,
	0x0000, 0x0000, 0x0000, 0x0000, 0x0000,
	0x0000, 0x0000, 0x0000, 0x0000, 0x0000,
	0x0000, 0x0000, 0x0000, 0x0000, 0x0000,
	0x0000, 0x0000, 0x0000, 0x0000, 0x0000,
	0x0000, 0x0000, 0x0000, 0x0000, 0x0000,
	0x0000, 0x0000, 0x0000, 0x0000, 0x0000,
	0x0000, 0x0000, 0x0000, 0x0000, 0x0000,
	0x0000, 0x0000, 0x0000, 0x0000, 0x0000,
	0x0000, 0x0000, 0x0000, 0x0000, 0x0000,
	0x0000, 0x0000, 0x0000, 0x0000, 0x0000,
	0x0000, 0x0000, 0x0000, 0x0000, 0x0000,
	0x0000, 0x0000, 0x0000, 0x0000, 0x0000,
	0x0000, 0x0000, 0x0000, 0x0000, 0x0000,
	0x0000, 0x0000, 0x0000, 0x0000, 0x0000,
	0x0000, 0x0000, 0x0000, 0x0000, 0x0000,
	0x0000, 0x0000, 0x0000, 0x0000, 0x0000,
	0x0000, 0x0000, 0x0000, 0x0000, 0x0000,
	0x0000, 0x0000, 0x0000, 0x0000, 0x0000,
	0x0000, 0x0000, 0x0000, 0x0000, 0x0000,
	0x0000, 0x0000, 0x0000, 0x0000, 0x0000,
	0x0000, 0x0000, 0x0000, 0x0000, 0x0000,
	0x0000, 0x0000, 0x0000, 0x0000, 0x0000,
	0x0000, 0x0000, 0x0000, 0x0000, 0x0000,
	0x0000, 0x0000, 0x0000, 0x0000, 0x0000,
	0x0000, 0x0000, 0x0000, 0x0000, 0x0000,
	0x0000, 0x0000, 0x0000, 0x0000, 0x0000,
	0x0000, 0x0000, 0x0000, 0x0000, 0x0000,
	0x0000, 0x0000, 0x0000, 0x0000, 0x0000,
	0x0000, 0x0000, 0x0000, 0x0000, 0x0000,
	0x0000, 0x0000, 0x0000, 0x0000, 0x0000,
	0x0000, 0x0000, 0x0000, 0x0000, 0x0000,
	0x0000, 0x0000, 0x0000, 0x0000, 0x0000,
	0x0000, 0x0000, 0x0000, 0x0000, 0x0000,
	0x0000, 0x0000, 0x0000, 0x0000, 0x0000,
	0x0000, 0x0000, 0x0000, 0x0000, 0x0000,
	0x0000, 0x0000, 0x0000, 0x0000, 0x0000,
	0x0000, 0x0000, 0x0000, 0x0000, 0x0000,
	0x0000, 0x0000, 0x0000, 0x0000, 0x0000,
	0x0000, 0x0000, 0x0000, 0x0000, 0x0000,
	0x0000, 0x0000, 0x0000, 0x0000, 0x0000,
	0x0000, 0x0000, 0x0000, 0x0000, 0x0000,
	0x0000, 0x0000, 0x0000, 0x0000, 0x0000,
	0x0000, 0x0000, 0x0000, 0x0000, 0x0000,
	0x0000, 0x0000, 0x0000, 0x0000, 0x0000,
	0x0000, 0x0000, 0x0000, 0x0000, 0x0000,
	0x0000, 0x0000, 0x0000, 0x0000, 0x0000,
	0x0000, 0x0000, 0x0000, 0x0000, 0x0000,
	0x0000, 0x0000, 0x0000, 0x0000, 0x0000,
	0x0000, 0x0000, 0x0000, 0x0000, 0x0000,
	0x0000, 0x0000, 0x0000, 0x0000, 0x0000,
	0x0000, 0x0000, 0x0000, 0x0000, 0x0000,
	0x0000, 0x0000, 0x0000, 0x0000, 0x0000,
	0x0000, 0x0000, 0x0000, 0x0000, 0x0000,
	0x0000, 0x0000, 0x0000, 0x0000, 0x0000,
	0x0000, 0x0000, 0x0000, 0x0000, 0x0000,
	0x0000, 0x0000, 0x0000, 0x0000, 0x0000,
	0x0000, 0x0000, 0x0000, 0x0000, 0x0000,
	0x0000, 0x0000, 0x0000, 0x0000, 0x0000,
	0x0000, 0x0000, 0x0000, 0x0000, 0x0000,
	0x0000, 0x0000, 0x0000, 0x0000, 0x0000,
	0x0000, 0x0000, 0x0000, 0x0000, 0x0000,
	0x0000, 0x0000, 0x0000, 0x0000, 0x0000,
	0x0000, 0x0000, 0x0000, 0x0000, 0x0000,
	0x0000, 0x0000, 0x0000, 0x0000, 0x0000,
	0x0000, 0x0000, 0x0000, 0x0000, 0x0000,
	0x0000, 0x0000, 0x0000, 0x0000, 0x0000,
	0x0000, 0x0000, 0x0000, 0x0000, 0x0000,
	0x0000, 0x0000, 0x0000, 0x0000, 0x0000,
	0x0000, 0x0000, 0x0000, 0x0000, 0x0000,
	0x0000, 0x0000, 0x0000, 0x0000, 0x0000,
	0x0000, 0x0000, 0x0000, 0x0000, 0x0000,
	0x0000, 0x0000, 0x0000, 0x0000, 0x0000,
	0x0000, 0x0000, 0x0000, 0x0000, 0x0000,
	0x0000, 0x0000, 0x0000, 0x0000, 0x0000,
	0x0000, 0x0000, 0x0000, 0x0000, 0x0000,
	0x0000, 0x0000, 0x0000, 0x0000, 0x0000,
	0x0000, 0x0000, 0x0000, 0x0000, 0x0000,
	0x0000, 0x0000, 0x0000, 0x0000, 0x0000,
	0x0000, 0x0000, 0x0000, 0x0000, 0x0000,
	0x0000, 0x0000, 0x0000, 0x0000, 0x0000,
	0x0000, 0x0000, 0x0000, 0x0000, 0x0000,
	0x0000, 0x0000, 0x0000, 0x0000, 0x0000,
	0x0000, 0x0000, 0x0000, 0x0000, 0x0000,
	0x0000, 0x0000, 0x0000, 0x0000, 0x0000,
	0x0000, 0x0000, 0x0000, 0x0000, 0x0000,
	0x0000, 0x0000, 0x0000, 0x0000, 0x0000,
	0x0000, 0x0000, 0x0000, 0x0000, 0x0000,
	0x0000, 0x0000, 0x0000, 0x0000, 0x0000,
	0x0000, 0x0000, 0x0000, 0x0000, 0x0000,
	0x0000, 0x0000, 0x0000, 0x0000, 0x0000,
	0x0000, 0x0000, 0x0000, 0x0000, 0x0000,
	0x0000, 0x0000, 0x0000, 0x0000, 0x0000,
	0x0000, 0x0000, 0x0000, 0x0000, 0x0000,
	0x0000, 0x0000, 0x0000, 0x0000, 0x0000,
	0x0000, 0x0000, 0x0000, 0x0000, 0x0000,
	0x0000, 0x0000, 0x0000, 0x0000, 0x0000,
	0x0000, 0x0000, 0x0000, 0x0000, 0x0000,
	0x0000, 0x0000, 0x0000, 0x0000, 0x0000,
	0x0000, 0x0000, 0x0000, 0x0000, 0x0000,
	0x0000, 0x0000, 0x0000, 0x0000, 0x0000,
	0x0000, 0x0000, 0x0000, 0x0000, 0x0000,
	0x0000, 0x0000, 0x0000, 0x0000, 0x0000,
	0x0000, 0x0000, 0x0000, 0x0000, 0x0000,
	0x0000, 0x0000, 0x0000, 0x0000, 0x0000,
	0x0000, 0x0000, 0x0000, 0x0000, 0x0000,
	0x0000, 0x0000, 0x0000, 0x0000, 0x0000,
	0x0000, 0x0000, 0x0000, 0x0000, 0x0000,
	0x0000, 0x0000, 0x0000, 0x0000, 0x0000,
	0x0000, 0x0000, 0x0000, 0x0000, 0x0000,
	0x0000, 0x0000, 0x0000, 0x0000, 0x0000,
	0x0000, 0x0000, 0x0000, 0x0000, 0x0000,
	0x0000, 0x0000, 0x0000, 0x0000, 0x0000,
	0x0000, 0x0000, 0x0000, 0x0000, 0x0000,
	0x0000, 0x0000, 0x0000, 0x0000, 0x0000,
	0x0000, 0x0000, 0x0000, 0x0000, 0x0000,
	0x0000, 0x0000, 0x0000, 0x0000, 0x0000,
	0x0000, 0x0000, 0x0000, 0x0000, 0x0000,
	0x0000, 0x0000, 0x0000, 0x0000, 0x0000,
	0x0000, 0x0000, 0x0000, 0x0000, 0x0000,
	0x0000, 0x0000, 0x0000, 0x0000, 0x0000,
	0x0000, 0x0000, 0x0000, 0x0000, 0x0000,
	0x0000, 0x0000, 0x0000, 0x0000, 0x0000,
	0x0000, 0x0000, 0x0000, 0x0000, 0x0000,
	0x0000, 0x0000, 0x0000, 0x0000, 0x0000,
	0x0000, 0x0000, 0x0000, 0x0000, 0x0000,
	0x0000, 0x0000, 0x0000, 0x0000, 0x0000,
	0x0000, 0x0000, 0x0000, 0x0000, 0x0000,
	0x0000, 0x0000, 0x0000, 0x0000, 0x0000,
	0x0000, 0x0000, 0x0000, 0x0000, 0x0000,
	0x0000, 0x0000, 0x0000, 0x0000, 0x0000,
	0x0000, 0x0000, 0x0000, 0x0000, 0x0000,
	0x0000, 0x0000, 0x0000, 0x0000, 0x0000,
	0x0000, 0x0000, 0x0000, 0x0000, 0x0000,
	0x0000, 0x0000, 0x0000, 0x0000, 0x0000,
	0x0000, 0x0000, 0x0000, 0x0000, 0x0000,
	0x0000, 0x0000, 0x0000, 0x0000, 0x0000,
	0x0000, 0x0000, 0x0000, 0x0000, 0x0000,
	0x0000, 0x0000, 0x0000, 0x0000, 0x0000,
	0x0000, 0x0000, 0x0000, 0x0000, 0x0000,
	0x0000, 0x0000, 0x0000, 0x0000, 0x0000,
	0x0000, 0x0000, 0x0000, 0x0000, 0x0000,
	0x0000, 0x0000, 0x0000, 0x0000, 0x0000,
	0x0000, 0x0000, 0x0000, 0x0000, 0x0000,
	0x0000, 0x0000, 0x0000, 0x0000, 0x0000,
	0x0000, 0x0000, 0x0000, 0x0000, 0x0000,
	0x0000, 0x0000, 0x0000, 0x0000, 0x0000,
	0x0000, 0x0000, 0x0000, 0x0000, 0x0000,
	0x0000, 0x0000, 0x0000, 0x0000, 0x0000,
	0x0000, 0x0000, 0x0000, 0x0000, 0x0000,
	0x0000, 0x0000, 0x0000, 0x0000, 0x0000,
	0x0000, 0x0000, 0x0000, 0x0000, 0x0000,
	0x0000, 0x0000, 0x0000, 0x0000, 0x0000,
	0x0000, 0x0000, 0x0000, 0x0000, 0x0000,
	0x0000, 0x0000, 0x0000, 0x0000, 0x0000,
	0x0000, 0x0000, 0x0000, 0x0000, 0x0000,
	0x0000, 0x0000, 0x0000, 0x0000, 0x0000,
	0x0000, 0x0000, 0x0000, 0x0000, 0x0000,
	0x0000, 0x0000, 0x0000, 0x0000, 0x0000,
	0x0000, 0x0000, 0x0000, 0x0000, 0x0000,
	0x0000, 0x0000, 0x0000, 0x0000, 0x0000,
	0x0000, 0x0000, 0x0000, 0x0000, 0x0000,
	0x0000, 0x0000, 0x0000, 0x0000, 0x0000,
	0x0000, 0x0000, 0x0000, 0x0000, 0x0000,
	0x0000, 0x0000, 0x0000, 0x0000, 0x0000,
	0x0000, 0x0000, 0x0000, 0x0000, 0x0000,
	0x0000, 0x0000, 0x0000, 0x0000, 0x0000,
	0x0000, 0x0000, 0x0000, 0x0000, 0x0000,
	0x0000, 0x0000, 0x0000, 0x0000, 0x0000,
	0x0000, 0x0000, 0x0000, 0x0000, 0x0000,
	0x0000, 0x0000, 0x0000, 0x0000, 0x0000,
	0x0000, 0x0000, 0x0000, 0x0000, 0x0000,
	0x0000, 0x0000, 0x0000, 0x0000, 0x0000,
	0x0000, 0x0000, 0x0000, 0x0000, 0x0000,
	0x0000, 0x0000, 0x0000, 0x0000, 0x0000,
	0x0000, 0x0000, 0x0000, 0x0000, 0x0000,
	0x0000, 0x0000, 0x0000, 0x0000, 0x0000,
	0x0000, 0x0000, 0x0000, 0x0000, 0x0000,
	0x0000, 0x0000, 0x0000, 0x0000, 0x0000,
	0x0000, 0x0000, 0x0000, 0x0000, 0x0000,
	0x0000, 0x0000, 0x0000, 0x0000, 0x0000,
	0x0000, 0x0000, 0x0000, 0x0000, 0x0000,
	0x0000, 0x0000, 0x0000, 0x0000, 0x0000,
	0x0000, 0x0000, 0x0000, 0x0000, 0x0000,
	0x0000, 0x0000, 0x0000, 0x0000, 0x0000,
	0x0000, 0x0000, 0x0000, 0x0000, 0x0000,
	0x0000, 0x0000, 0x0000, 0x0000, 0x0000,
	0x0000, 0x0000, 0x0000, 0x0000, 0x0000,
	0x0000, 0x0000, 0x0000, 0x0000, 0x0000,
	0x0000, 0x0000, 0x0000, 0x0000, 0x0000,
	0x0000, 0x0000, 0x0000, 0x0000, 0x0000,
	0x0000, 0x0000, 0x0000, 0x0000, 0x0000,
	0x0000, 0x0000, 0x0000, 0x0000, 0x0000,
	0x0000, 0x0000, 0x0000, 0x0000, 0x0000,
	0x0000, 0x0000, 0x0000, 0x0000, 0x0000,
	0x0000, 0x0000, 0x0000, 0x0000, 0x0000,
	0x0000, 0x0000, 0x0000, 0x0000, 0x0000,
	0x0000, 0x0000, 0x0000, 0x0000, 0x0000,
	0x0000, 0x0000, 0x0000, 0x0000, 0x0000,
	0x0000, 0x0000, 0x0000, 0x0000, 0x0000,
	0x0000, 0x0000, 0x0000, 0x0000, 0x0000,
	0x0000, 0x0000, 0x0000, 0x0000, 0x0000,
	0x0000, 0x0000, 0x0000, 0x0000, 0x0000,
	0x0000, 0x0000, 0x0000, 0x0000, 0x0000,
	0x0000, 0x0000, 0x0000, 0x0000, 0x0000,
	0x0000, 0x0000, 0x0000, 0x0000, 0x0000,
	0x0000, 0x0000, 0x0000, 0x0000, 0x0000,
	0x0000, 0x0000, 0x0000, 0x0000, 0x0000,
	0x0000, 0x0000, 0x0000, 0x0000, 0x0000,
	0x0000, 0x0000, 0x0000, 0x0000, 0x0000,
	0x0000, 0x0000, 0x0000, 0x0000, 0x0000,
	0x0000, 0x0000, 0x0000, 0x0000, 0x0000,
	0x0000, 0x0000, 0x0000, 0x0000, 0x0000,
	0x0000, 0x0000, 0x0000, 0x0000, 0x0000,
	0x0000, 0x0000, 0x0000, 0x0000, 0x0000,
	0x0000, 0x0000, 0x0000, 0x0000, 0x0000,
	0x0000, 0x0000, 0x0000, 0x0000, 0x0000,
	0x0000, 0x0000, 0x0000, 0x0000, 0x0000,
	0x0000, 0x0000, 0x0000, 0x0000, 0x0000,
	0x0000, 0x0000, 0x0000, 0x0000, 0x0000,
	0x0000, 0x0000, 0x0000, 0x0000, 0x0000,
	0x0000, 0x0000, 0x0000, 0x0000, 0x0000,
	0x0000, 0x0000, 0x0000, 0x0000, 0x0000,
	0x0000, 0x0000, 0x0000, 0x0000, 0x0000,
	0x0000, 0x0000, 0x0000, 0x0000, 0x0000,
	0x0000, 0x0000, 0x0000, 0x0000, 0x0000,
	0x0000, 0x0000, 0x0000, 0x0000, 0x0000,
	0x0000, 0x0000, 0x0000, 0x0000, 0x0000,
	0x0000, 0x0000, 0x0000, 0x0000, 0x0000,
	0x0000, 0x0000, 0x0000, 0x0000, 0x0000,
	0x0000, 0x0000, 0x0000, 0x0000, 0x0000,
	0x0000, 0x0000, 0x0000, 0x0000, 0x0000,
	0x0000, 0x0000, 0x0000, 0x0000, 0x0000,
	0x0000, 0x0000, 0x0000, 0x0000, 0x0000,
	0x0000, 0x0000, 0x0000, 0x0000, 0x0000,
	0x0000, 0x0000, 0x0000, 0x0000, 0x0000,
	0x0000, 0x0000, 0x0000, 0x0000, 0x0000,
	0x0000, 0x0000, 0x0000, 0x0000, 0x0000,
	0x0000, 0x0000, 0x0000, 0x0000, 0x0000,
	0x0000, 0x0000, 0x0000, 0x0000, 0x0000,
	0x0000, 0x0000, 0x0000, 0x0000, 0x0000,
	0x0000, 0x0000, 0x0000, 0x0000, 0x0000,
	0x0000, 0x0000, 0x0000, 0x0000, 0x0000,
	0x0000, 0x0000, 0x0000, 0x0000, 0x0000,
	0x0000, 0x0000, 0x0000, 0x0000, 0x0000,
	0x0000, 0x0000, 0x0000, 0x0000, 0x0000,
	0x0000, 0x0000, 0x0000, 0x0000, 0x0000,
	0x0000, 0x0000, 0x0000, 0x0000, 0x0000,
	0x0000, 0x0000, 0x0000, 0x0000, 0x0000,
	0x0000, 0x0000, 0x0000, 0x0000, 0x0000,
	0x0000, 0x0000, 0x0000, 0x0000, 0x0000,
	0x0000, 0x0000, 0x0000, 0x0000, 0x0000,
	0x0000, 0x0000, 0x0000, 0x0000, 0x0000,
	0x0000, 0x0000, 0x0000, 0x0000, 0x0000,
	0x0000, 0x0000, 0x0000, 0x0000, 0x0000,
	0x0000, 0x0000, 0x0000, 0x0000, 0x0000,
	0x0000, 0x0000, 0x0000, 0x0000, 0x0000,
	0x0000, 0x0000, 0x0000, 0x0000, 0x0000,
	0x0000, 0x0000, 0x0000, 0x0000, 0x0000,
	0x0000, 0x0000, 0x0000, 0x0000, 0x0000,
	0x0000, 0x0000, 0x0000, 0x0000, 0x0000,
	0x0000, 0x0000, 0x0000, 0x0000, 0x0000,
	0x0000, 0x0000, 0x0000, 0x0000, 0x0000,
	0x0000, 0x0000, 0x0000, 0x0000, 0x0000,
	0x0000, 0x0000, 0x0000, 0x0000, 0x0000,
	0x0000, 0x0000, 0x0000, 0x0000, 0x0000,
	0x0000, 0x0000, 0x0000, 0x0000, 0x0000,
	0x0000, 0x0000, 0x0000, 0x0000, 0x0000,
	0x0000, 0x0000, 0x0000, 0x0000, 0x0000,
	0x0000, 0x0000, 0x0000, 0x0000, 0x0000,
	0x0000, 0x0000, 0x0000, 0x0000, 0x0000,
	0x0000, 0x0000, 0x0000, 0x0000, 0x0000,
	0x0000, 0x0000, 0x0000, 0x0000, 0x0000,
	0x0000, 0x0000, 0x0000, 0x0000, 0x0000,
	0x0000, 0x0000, 0x0000, 0x0000, 0x0000,
	0x0000, 0x0000, 0x0000, 0x0000, 0x0000,
	0x0000, 0x0000, 0x0000, 0x0000, 0x0000,
	0x0000, 0x0000, 0x0000, 0x0000, 0x0000,
	0x0000, 0x0000, 0x0000, 0x0000, 0x0000,
	0x0000, 0x0000, 0x0000, 0x0000, 0x0000,
	0x0000, 0x0000, 0x0000, 0x0000, 0x0000,
	0x0000, 0x0000, 0x0000, 0x0000, 0x0000,
	0x0000, 0x0000, 0x0000, 0x0000, 0x0000,
	0x0000, 0x0000, 0x0000, 0x0000, 0x0000,
	0x0000, 0x0000, 0x0000, 0x0000, 0x0000,
	0x0000, 0x0000, 0x0000, 0x0000, 0x0000,
	0x0000, 0x0000, 0x0000, 0x0000, 0x0000,
	0x0000, 0x0000, 0x0000, 0x0000, 0x0000,
	0x0000, 0x0000, 0x0000, 0x0000, 0x0000,
	0x0000, 0x0000, 0x0000, 0x0000, 0x0000,
	0x0000, 0x0000, 0x0000, 0x0000, 0x0000,
	0x0000, 0x0000, 0x0000, 0x0000, 0x0000,
	0x0000, 0x0000, 0x0000, 0x0000, 0x0000,
	0x0000, 0x0000, 0x0000, 0x0000, 0x0000,
	0x0000, 0x0000, 0x0000, 0x0000, 0x0000,
	0x0000, 0x0000, 0x0000, 0x0000, 0x0000,
	0x0000, 0x0000, 0x0000, 0x0000, 0x0000,
	0x0000, 0x0000, 0x0000, 0x0000, 0x0000,
	0x0000, 0x0000, 0x0000, 0x0000, 0x0000,
	0x0000, 0x0000, 0x0000, 0x0000, 0x0000,
	0x0000, 0x0000, 0x0000, 0x0000, 0x0000,
	0x0000, 0x0000, 0x0000, 0x0000, 0x0000,
	0x0000, 0x0000, 0x0000, 0x0000, 0x0000,
	0x0000, 0x0000, 0x0000, 0x0000, 0x0000,
	0x0000, 0x0000, 0x0000, 0x0000, 0x0000,
	0x0000, 0x0000, 0x0000, 0x0000, 0x0000,
	0x0000, 0x0000, 0x0000, 0x0000, 0x0000,
	0x0000, 0x0000, 0x0000, 0x0000, 0x0000,
	0x0000, 0x0000, 0x0000, 0x0000, 0x0000,
	0x0000, 0x0000, 0x0000, 0x0000, 0x0000,
	0x0000, 0x0000, 0x0000, 0x0000, 0x0000,
	0x0000, 0x0000, 0x0000, 0x0000, 0x0000,
	0x0000, 0x0000, 0x0000, 0x0000, 0x0000,
	0x0000, 0x0000, 0x0000, 0x0000, 0x0000,
	0x0000, 0x0000, 0x0000, 0x0000, 0x0000,
	0x0000, 0x0000, 0x0000, 0x0000, 0x0000,
	0x0000, 0x0000, 0x0000, 0x0000, 0x0000,
	0x0000, 0x0000, 0x0000, 0x0000, 0x0000,
	0x0000, 0x0000, 0x0000, 0x0000, 0x0000,
	0x0000, 0x0000, 0x0000, 0x0000, 0x0000,
	0x0000, 0x0000, 0x0000, 0x0000, 0x0000,
	0x0000, 0x0000, 0x0000, 0x0000, 0x0000,
	0x0000, 0x0000, 0x0000, 0x0000, 0x0000,
	0x0000, 0x0000, 0x0000, 0x0000, 0x0000,
	0x0000, 0x0000, 0x0000, 0x0000, 0x0000,
	0x0000, 0x0000, 0x0000, 0x0000, 0x0000,
	0x0000, 0x0000, 0x0000, 0x0000, 0x0000,
	0x0000, 0x0000, 0x0000, 0x0000, 0x0000,
	0x0000, 0x0000, 0x0000, 0x0000, 0x0000,
	0x0000, 0x0000, 0x0000, 0x0000, 0x0000,
	0x0000, 0x0000, 0x0000, 0x0000, 0x0000,
	0x0000, 0x0000, 0x0000, 0x0000, 0x0000,
	0x0000, 0x0000, 0x0000, 0x0000, 0x0000,
	0x0000, 0x0000, 0x0000, 0x0000, 0x0000,
	0x0000, 0x0000, 0x0000, 0x0000, 0x0000,
	0x0000, 0x0000, 0x0000, 0x0000, 0x0000,
	0x0000, 0x0000, 0x0000, 0x0000, 0x0000,
	0x0000, 0x0000, 0x0000, 0x0000, 0x0000,
	0x0000, 0x0000, 0x0000, 0x0000, 0x0000,
	0x0000, 0x0000, 0x0000, 0x0000, 0x0000,
	0x0000, 0x0000, 0x0000, 0x0000, 0x0000,
	0x0000, 0x0000, 0x0000, 0x0000, 0x0000,
	0x0000, 0x0000, 0x0000, 0x0000, 0x0000,
	0x0000, 0x0000, 0x0000, 0x0000, 0x0000,
	0x0000, 0x0000, 0x0000, 0x0000, 0x0000,
	0x0000, 0x0000, 0x0000, 0x0000, 0x0000,
	0x0000, 0x0000, 0x0000, 0x0000, 0x0000,
	0x0000, 0x0000, 0x0000, 0x0000, 0x0000,
	0x0000, 0x0000, 0x0000, 0x0000, 0x0000,
	0x0000, 0x0000, 0x0000, 0x0000, 0x0000,
	0x0000, 0x0000, 0x0000, 0x0000, 0x0000,
	0x0000, 0x0000, 0x0000, 0x0000, 0x0000,
	0x0000, 0x0000, 0x0000, 0x0000, 0x0000,
	0x0000, 0x0000, 0x0000, 0x0000, 0x0000,
	0x0000, 0x0000, 0x0000, 0x0000, 0x0000,
	0x0000, 0x0000, 0x0000, 0x0000, 0x0000,
	0x0000, 0x0000, 0x0000, 0x0000, 0x0000,
	0x0000, 0x0000, 0x0000, 0x0000, 0x0000,
	0x0000, 0x0000, 0x0000, 0x0000, 0x0000,
	0x0000, 0x0000, 0x0000, 0x0000, 0x0000,
	0x0000, 0x0000, 0x0000, 0x0000, 0x0000,
	0x0000, 0x0000, 0x0000, 0x0000, 0x0000,
	0x0000, 0x0000, 0x0000, 0x0000, 0x0000,
	0x0000, 0x0000, 0x0000, 0x0000, 0x0000,
	0x0000, 0x0000, 0x0000, 0x0000, 0x0000,
	0x0000, 0x0000, 0x0000, 0x0000, 0x0000,
	0x0000, 0x0000, 0x0000, 0x0000, 0x0000,
	0x0000, 0x0000, 0x0000, 0x0000, 0x0000,
	0x0000, 0x0000, 0x0000, 0x0000, 0x0000,
	0x0000, 0x0000, 0x0000, 0x0000, 0x0000,
	0x0000, 0x0000, 0x0000, 0x0000, 0x0000,
	0x0000, 0x0000, 0x0000, 0x0000, 0x0000,
	0x0000, 0x0000, 0x0000, 0x0000, 0x0000,
	0x0000, 0x0000, 0x0000, 0x0000, 0x0000,
	0x0000, 0x0000, 0x0000, 0x0000, 0x0000,
	0x0000, 0x0000, 0x0000, 0x0000, 0x0000,
	0x0000, 0x0000, 0x0000, 0x0000, 0x0000,
	0x0000, 0x0000, 0x0000, 0x0000, 0x0000,
	0x0000, 0x0000, 0x0000, 0x0000, 0x0000,
	0x0000, 0x0000, 0x0000, 0x0000, 0x0000,
	0x0000, 0x0000, 0x0000, 0x0000, 0x0000,
	0x0000, 0x0000, 0x0000, 0x0000, 0x0000,
	0x0000, 0x0000, 0x0000, 0x0000, 0x0000,
	0x0000, 0x0000, 0x0000, 0x0000, 0x0000,
	0x0000, 0x0000, 0x0000, 0x0000, 0x0000,
	0x0000, 0x0000, 0x0000, 0x0000, 0x0000,
	0x0000, 0x0000, 0x0000, 0x0000, 0x0000,
	0x0000, 0x0000, 0x0000, 0x0000, 0x0000,
	0x0000, 0x0000, 0x0000, 0x0000, 0x0000,
	0x0000, 0x0000, 0x0000, 0x0000, 0x0000,
	0x0000, 0x0000, 0x0000, 0x0000, 0x0000,
	0x0000, 0x0000, 0x0000, 0x0000, 0x0000,
	0x0000, 0x0000, 0x0000, 0x0000, 0x0000,
	0x0000, 0x0000, 0x0000, 0x0000, 0x0000,
	0x0000, 0x0000, 0x0000, 0x0000, 0x0000,
	0x0000, 0x0000, 0x0000, 0x0000, 0x0000,
	0x0000, 0x0000, 0x0000, 0x0000, 0x0000,
	0x0000, 0x0000, 0x0000, 0x0000, 0x0000,
	0x0000, 0x0000, 0x0000, 0x0000, 0x0000,
	0x0000, 0x0000, 0x0000, 0x0000, 0x0000,
	0x0000, 0x0000, 0x0000, 0x0000, 0x0000,
	0x0000, 0x0000, 0x0000, 0x0000, 0x0000,
	0x0000, 0x0000, 0x0000, 0x0000, 0x0000,
	0x0000, 0x0000, 0x0000, 0x0000, 0x0000,
	0x0000, 0x0000, 0x0000, 0x0000, 0x0000,
	0x0000, 0x0000, 0x0000, 0x0000, 0x0000,
	0x0000, 0x0000, 0x0000, 0x0000, 0x0000,
	0x0000, 0x0000, 0x0000, 0x0000, 0x0000,
	0x0000, 0x0000, 0x0000, 0x0000, 0x0000,
	0x0000, 0x0000, 0x0000, 0x0000, 0x0000,
	0x0000, 0x0000, 0x0000, 0x0000, 0x0000,
	0x0000, 0x0000, 0x0000, 0x0000, 0x0000,
	0x0000, 0x0000, 0x0000, 0x0000, 0x0000,
	0x0000, 0x0000, 0x0000, 0x0000, 0x0000,
	0x0000, 0x0000, 0x0000, 0x0000, 0x0000,
	0x0000, 0x0000, 0x0000, 0x0000, 0x0000,
	0x0000, 0x0000, 0x0000, 0x0000, 0x0000,
	0x0000, 0x0000, 0x0000, 0x0000, 0x0000,
	0x0000, 0x0000, 0x0000, 0x0000, 0x0000,
	0x0000, 0x0000, 0x0000, 0x0000, 0x0000,
	0x0000, 0x0000, 0x0000, 0x0000, 0x0000,
	0x0000, 0x0000, 0x0000, 0x0000, 0x0000,
	0x0000, 0x0000, 0x0000, 0x0000, 0x0000,
	0x0000, 0x0000, 0x0000, 0x0000, 0x0000,
	0x0000, 0x0000, 0x0000, 0x0000, 0x0000,
	0x0000, 0x0000, 0x0000, 0x0000, 0x0000,
	0x0000, 0x0000, 0x0000, 0x0000, 0x0000,
	0x0000, 0x0000, 0x0000, 0x0000, 0x0000,
	0x0000, 0x0000, 0x0000, 0x0000, 0x0000,
	0x0000, 0x0000, 0x0000, 0x0000, 0x0000,
	0x0000, 0x0000, 0x0000, 0x0000, 0x0000,
	0x0000, 0x0000, 0x0000, 0x0000, 0x0000,
	0x0000, 0x0000, 0x0000, 0x0000, 0x0000,
	0x0000, 0x0000, 0x0000, 0x0000, 0x0000,
	0x0000, 0x0000, 0x0000, 0x0000, 0x0000,
	0x0000, 0x0000, 0x0000, 0x0000, 0x0000,
	0x0000, 0x0000, 0x0000, 0x0000, 0x0000,
	0x0000, 0x0000, 0x0000, 0x0000, 0x0000,
	0x0000, 0x0000, 0x0000, 0x0000, 0x0000,
	0x0000, 0x0000, 0x0000, 0x0000, 0x0000,
	0x0000, 0x0000, 0x0000, 0x0000, 0x0000,
	0x0000, 0x0000, 0x0000, 0x0000, 0x0000,
	0x0000, 0x0000, 0x0000, 0x0000, 0x0000,
	0x0000, 0x0000, 0x0000, 0x0000, 0x0000,
	0x0000, 0x0000, 0x0000, 0x0000, 0x0000,
	0x0000, 0x0000, 0x0000, 0x0000, 0x0000,
	0x0000, 0x0000, 0x0000, 0x0000, 0x0000,
	0x0000, 0x0000, 0x0000, 0x0000, 0x0000,
	0x0000, 0x0000, 0x0000, 0x0000, 0x0000,
	0x0000, 0x0000, 0x0000, 0x0000, 0x0000,
	0x0000, 0x0000, 0x0000, 0x0000, 0x0000,
	0x0000, 0x0000, 0x0000, 0x0000, 0x0000,
	0x0000, 0x0000, 0x0000, 0x0000, 0x0000,
	0x0000, 0x0000, 0x0000, 0x0000, 0x0000,
	0x0000, 0x0000, 0x0000, 0x0000, 0x0000,
	0x0000, 0x0000, 0x0000, 0x0000, 0x0000,
	0x0000, 0x0000, 0x0000, 0x0000, 0x0000,
	0x0000, 0x0000, 0x0000, 0x0000, 0x0000,
	0x0000, 0x0000, 0x0000, 0x0000, 0x0000,
	0x0000, 0x0000, 0x0000, 0x0000, 0x0000,
	0x0000, 0x0000, 0x0000, 0x0000, 0x0000,
	0x0000, 0x0000, 0x0000, 0x0000, 0x0000,
	0x0000, 0x0000, 0x0000, 0x0000, 0x0000,
	0x0000, 0x0000, 0x0000, 0x0000, 0x0000,
	0x0000, 0x0000, 0x0000, 0x0000, 0x0000,
	0x0000, 0x0000, 0x0000, 0x0000, 0x0000,
	0x0000, 0x0000, 0x0000, 0x0000, 0x0000,
	0x0000, 0x0000, 0x0000, 0x0000, 0x0000,
	0x0000, 0x0000, 0x0000, 0x0000, 0x0000,
	0x0000, 0x0000, 0x0000, 0x0000, 0x0000,
	0x0000, 0x0000, 0x0000, 0x0000, 0x0000,
	0x0000, 0x0000, 0x0000, 0x0000, 0x0000,
	0x0000, 0x0000, 0x0000, 0x0000, 0x0000,
	0x0000, 0x0000, 0x0000, 0x0000, 0x0000,
	0x0000, 0x0000, 0x0000, 0x0000, 0x0000,
	0x0000, 0x0000, 0x0000, 0x0000, 0x0000,
	0x0000, 0x0000, 0x0000, 0x0000, 0x0000,
	0x0000, 0x0000, 0x0000, 0x0000, 0x0000,
	0x0000, 0x0000, 0x0000, 0x0000, 0x0000,
	0x0000, 0x0000, 0x0000, 0x0000, 0x0000,
	0x0000, 0x0000, 0x0000, 0x0000, 0x0000,
	0x0000, 0x0000, 0x0000, 0x0000, 0x0000,
	0x0000, 0x0000, 0x0000, 0x0000, 0x0000,
	0x0000, 0x0000, 0x0000, 0x0000, 0x0000,
	0x0000, 0x0000, 0x0000, 0x0000, 0x0000,
	0x0000, 0x0000, 0x0000, 0x0000, 0x0000,
	0x0000, 0x0000, 0x0000, 0x0000, 0x0000,
	0x0000, 0x0000, 0x0000, 0x0000, 0x0000,
	0x0000, 0x0000, 0x0000, 0x0000, 0x0000,
	0x0000, 0x0000, 0x0000, 0x0000, 0x0000,
	0x0000, 0x0000, 0x0000, 0x0000, 0x0000,
	0x0000, 0x0000, 0x0000, 0x0000, 0x0000,
	0x0000, 0x0000, 0x0000, 0x0000, 0x0000,
	0x0000, 0x0000, 0x0000, 0x0000, 0x0000,
	0x0000, 0x0000, 0x0000, 0x0000, 0x0000,
	0x0000, 0x0000, 0x0000, 0x0000, 0x0000,
	0x0000, 0x0000, 0x0000, 0x0000, 0x0000,
	0x0000, 0x0000, 0x0000, 0x0000, 0x0000,
	0x0000, 0x0000, 0x0000, 0x0000, 0x0000,
	0x0000, 0x0000, 0x0000, 0x0000, 0x0000,
	0x0000, 0x0000, 0x0000, 0x0000, 0x0000,
	0x0000, 0x0000, 0x0000, 0x0000, 0x0000,
	0x0000, 0x0000, 0x0000, 0x0000, 0x0000,
	0x0000, 0x0000, 0x0000, 0x0000, 0x0000,
	0x0000, 0x0000, 0x0000, 0x0000, 0x0000,
	0x0000, 0x0000, 0x0000, 0x0000, 0x0000,
	0x0000, 0x0000, 0x0000, 0x0000, 0x0000,
	0x0000, 0x0000, 0x0000, 0x0000, 0x0000,
	0x0000, 0x0000, 0x0000, 0x0000, 0x0000,
	0x0000, 0x0000, 0x0000, 0x0000, 0x0000,
	0x0000, 0x0000, 0x0000, 0x0000, 0x0000,
	0x0000, 0x0000, 0x0000, 0x0000, 0x0000,
	0x0000, 0x0000, 0x0000, 0x0000, 0x0000,
	0x0000, 0x0000, 0x0000, 0x0000, 0x0000,
	0x0000, 0x0000, 0x0000, 0x0000, 0x0000,
	0x0000, 0x0000, 0x0000, 0x0000, 0x0000,
	0x0000, 0x0000, 0x0000, 0x0000, 0x0000,
	0x0000, 0x0000, 0x0000, 0x0000, 0x0000,
	0x0000, 0x0000, 0x0000, 0x0000, 0x0000,
	0x0000, 0x0000, 0x0000, 0x0000, 0x0000,
	0x0000, 0x0000, 0x0000, 0x0000, 0x0000,
	0x0000, 0x0000, 0x0000, 0x0000, 0x0000,
	0x0000, 0x0000, 0x0000, 0x0000, 0x0000,
	0x0000, 0x0000, 0x0000, 0x0000, 0x0000,
	0x0000, 0x0000, 0x0000, 0x0000, 0x0000,
	0x0000, 0x0000, 0x0000, 0x0000, 0x0000,
	0x0000, 0x0000, 0x0000, 0x0000, 0x0000,
	0x0000, 0x0000, 0x0000, 0x0000, 0x0000,
	0x0000, 0x0000, 0x0000, 0x0000, 0x0000,
	0x0000, 0x0000, 0x0000, 0x0000, 0x0000,
	0x0000, 0x0000, 0x0000, 0x0000, 0x0000,
	0x0000, 0x0000, 0x0000, 0x0000, 0x0000,
	0x0000, 0x0000, 0x0000, 0x0000, 0x0000,
	0x0000, 0x0000, 0x0000, 0x0000, 0x0000,
	0x0000, 0x0000, 0x0000, 0x0000, 0x0000,
	0x0000, 0x0000, 0x0000, 0x0000, 0x0000,
	0x0000, 0x0000, 0x0000, 0x0000, 0x0000,
	0x0000, 0x0000, 0x0000, 0x0000, 0x0000,
	0x0000, 0x0000, 0x0000, 0x0000, 0x0000,
	0x0000, 0x0000, 0x0000, 0x0000, 0x0000,
	0x0000, 0x0000, 0x0000, 0x0000, 0x0000,
	0x0000, 0x0000, 0x0000, 0x0000, 0x0000,
	0x0000, 0x0000, 0x0000, 0x0000, 0x0000,
	0x0000, 0x0000, 0x0000, 0x0000, 0x0000,
	0x0000, 0x0000, 0x0000, 0x0000, 0x0000,
	0x0000, 0x0000, 0x0000, 0x0000, 0x0000,
	0x0000, 0x0000, 0x0000, 0x0000, 0x0000,
	0x0000, 0x0000, 0x0000, 0x0000, 0x0000,
	0x0000, 0x0000, 0x0000, 0x0000, 0x0000,
	0x0000, 0x0000, 0x0000, 0x0000, 0x0000,
	0x0000, 0x0000, 0x0000, 0x0000, 0x0000,
	0x0000, 0x0000, 0x0000, 0x0000, 0x0000,
	0x0000, 0x0000, 0x0000, 0x0000, 0x0000,
	0x0000, 0x0000, 0x0000, 0x0000, 0x0000,
	0x0000, 0x0000, 0x0000, 0x0000, 0x0000,
	0x0000, 0x0000, 0x0000, 0x0000, 0x0000,
	0x0000, 0x0000, 0x0000, 0x0000, 0x0000,
	0x0000, 0x0000, 0x0000, 0x0000, 0x0000,
	0x0000, 0x0000, 0x0000, 0x0000, 0x0000,
	0x0000, 0x0000, 0x0000, 0x0000, 0x0000,
	0x0000, 0x0000, 0x0000, 0x0000, 0x0000,
	0x0000, 0x0000, 0x0000, 0x0000, 0x0000,
	0x0000, 0x0000, 0x0000, 0x0000, 0x0000,
	0x0000, 0x0000, 0x0000, 0x0000, 0x0000,
	0x0000, 0x0000, 0x0000, 0x0000, 0x0000,
	0x0000, 0x0000, 0x0000, 0x0000, 0x0000,
	0x0000, 0x0000, 0x0000, 0x0000, 0x0000,
	0x0000, 0x0000, 0x0000, 0x0000, 0x0000,
	0x0000, 0x0000, 0x0000, 0x0000, 0x0000,
	0x0000, 0x0000, 0x0000, 0x0000, 0x0000,
	0x0000, 0x0000, 0x0000, 0x0000, 0x0000,
	0x0000, 0x0000, 0x0000, 0x0000, 0x0000,
	0x0000, 0x0000, 0x0000, 0x0000, 0x0000,
	0x0000, 0x0000, 0x0000, 0x0000, 0x0000,
	0x0000, 0x0000, 0x0000, 0x0000, 0x0000,
	0x0000, 0x0000, 0x0000, 0x0000, 0x0000,
	0x0000, 0x0000, 0x0000, 0x0000, 0x0000,
	0x0000, 0x0000, 0x0000, 0x0000, 0x0000,
	0x0000, 0x0000, 0x0000, 0x0000, 0x0000,
	0x0000, 0x0000, 0x0000, 0x0000, 0x0000,
	0x0000, 0x0000, 0x0000, 0x0000, 0x0000,
	0x0000, 0x0000, 0x0000, 0x0000, 0x0000,
	0x0000, 0x0000, 0x0000, 0x0000, 0x0000,
	0x0000, 0x0000, 0x0000, 0x0000, 0x0000,
	0x0000, 0x0000, 0x0000, 0x0000, 0x0000,
	0x0000, 0x0000, 0x0000, 0x0000, 0x0000,
	0x0000, 0x0000, 0x0000, 0x0000, 0x0000,
	0x0000, 0x0000, 0x0000, 0x0000, 0x0000,
	0x0000, 0x0000, 0x0000, 0x0000, 0x0000,
	0x0000, 0x0000, 0x0000, 0x0000, 0x0000,
	0x0000, 0x0000, 0x0000, 0x0000, 0x0000,
	0x0000, 0x0000, 0x0000, 0x0000, 0x0000,
	0x0000, 0x0000, 0x0000, 0x0000, 0x0000,
	0x0000, 0x0000, 0x0000, 0x0000, 0x0000,
	0x0000, 0x0000, 0x0000, 0x0000, 0x0000,
	0x0000, 0x0000, 0x0000, 0x0000, 0x0000,
	0x0000, 0x0000, 0x0000, 0x0000, 0x0000,
	0x0000, 0x0000, 0x0000, 0x0000, 0x0000,
	0x0000, 0x0000, 0x0000, 0x0000, 0x0000,
	0x0000, 0x0000, 0x0000, 0x0000, 0x0000,
	0x0000, 0x0000, 0x0000, 0x0000, 0x0000,
	0x0000, 0x0000, 0x0000, 0x0000, 0x0000,
	0x0000, 0x0000, 0x0000, 0x0000, 0x0000,
	0x0000, 0x0000, 0x0000, 0x0000, 0x0000,
	0x0000, 0x0000, 0x0000, 0x0000, 0x0000,
	0x0000, 0x0000, 0x0000, 0x0000, 0x0000,
	0x0000, 0x0000, 0x0000, 0x0000, 0x0000,
	0x0000, 0x0000, 0x0000, 0x0000, 0x0000,
	0x0000, 0x0000, 0x0000, 0x0000, 0x0000,
	0x0000, 0x0000, 0x0000, 0x0000, 0x0000,
	0x0000, 0x0000, 0x0000, 0x0000, 0x0000,
	0x0000, 0x0000, 0x0000, 0x0000, 0x0000,
	0x0000, 0x0000, 0x0000, 0x0000, 0x0000,
	0x0000, 0x0000, 0x0000, 0x0000, 0x0000,
	0x0000, 0x0000, 0x0000, 0x0000, 0x0000,
	0x0000, 0x0000, 0x0000, 0x0000, 0x0000,
	0x0000, 0x0000, 0x0000, 0x0000, 0x0000,
	0x0000, 0x0000, 0x0000, 0x0000, 0x0000,
	0x0000, 0x0000, 0x0000, 0x0000, 0x0000,
	0x0000, 0x0000, 0x0000, 0x0000, 0x0000,
	0x0000, 0x0000, 0x0000, 0x0000, 0x0000,
	0x0000, 0x0000, 0x0000, 0x0000, 0x0000,
	0x0000, 0x0000, 0x0000, 0x0000, 0x0000,
	0x0000, 0x0000, 0x0000, 0x0000, 0x0000,
	0x0000, 0x0000, 0x0000, 0x0000, 0x0000,
	0x0000, 0x0000, 0x0000, 0x0000, 0x0000,
	0x0000, 0x0000, 0x0000, 0x0000, 0x0000,
	0x0000, 0x0000, 0x0000, 0x0000, 0x0000,
	0x0000, 0x0000, 0x0000, 0x0000, 0x0000,
	0x0000, 0x0000, 0x0000, 0x0000, 0x0000,
	0x0000, 0x0000, 0x0000, 0x0000, 0x0000,
	0x0000, 0x0000, 0x0000, 0x0000, 0x0000,
	0x0000, 0x0000, 0x0000, 0x0000, 0x0000,
	0x0000, 0x0000, 0x0000, 0x0000, 0x0000,
	0x0000, 0x0000, 0x0000, 0x0000, 0x0000,
	0x0000, 0x0000, 0x0000, 0x0000, 0x0000,
	0x0000, 0x0000, 0x0000, 0x0000, 0x0000,
	0x0000, 0x0000, 0x0000, 0x0000, 0x0000,
	0x0000, 0x0000, 0x0000, 0x0000, 0x0000,
	0x0000, 0x0000, 0x0000, 0x0000, 0x0000,
	0x0000, 0x0000, 0x0000, 0x0000, 0x0000,
	0x0000, 0x0000, 0x0000, 0x0000, 0x0000,
	0x0000, 0x0000, 0x0000, 0x0000, 0x0000,
	0x0000, 0x0000, 0x0000, 0x0000, 0x0000,
	0x0000, 0x0000, 0x0000, 0x0000, 0x0000,
	0x0000, 0x0000, 0x0000, 0x0000, 0x0000,
	0x0000, 0x0000, 0x0000, 0x0000, 0x0000,
	0x0000, 0x0000, 0x0000, 0x0000, 0x0000,
	0x0000, 0x0000, 0x0000, 0x0000, 0x0000,
	0x0000, 0x9785, 0x0109, 0x0321, 0x8f1d,
	0x1161, 0x0000, 0x7000, 0x0000, 0x7010,
	0x7030, 0x7200, 0x7300, 0x7500, 0x7700,
	0x0000, 0x00c8, 0x0000, 0x0000, 0x0000,
	0x0000, 0x0000, 0x0000, 0x0000, 0x0000,
	0x0000, 0x0000, 0x0000, 0x0000, 0x0000,
	0x0000, 0x0000, 0x0000, 0x0000, 0x0000,
	0x0000, 0x0000, 0x0000, 0x0000, 0x0000,
	0x0000, 0x0000, 0x0000, 0x0000, 0x0000,
	0x0000, 0x0000, 0x0000, 0x0000, 0x0000,
	0x0000, 0x0000, 0x0000, 0x0000, 0x0000,
	0x0000, 0x0000, 0x0000, 0x0000, 0x0000,
	0x0000, 0x0000, 0x0000, 0x0000, 0x0000,
	0x0000, 0x0000, 0x0000, 0x0000, 0x0000,
	0x0000, 0x0000, 0x0000, 0x0000, 0x0000,
	0x0000, 0x0000, 0x0000, 0x0000, 0x0000,
	0x0000, 0x0000, 0x0000, 0x0000, 0x0000,
	0x0000, 0x0000, 0x0000, 0x0000, 0x0000,
	0x0000, 0x0000, 0x0000, 0x0000, 0x0000,
	0x0000, 0x0000, 0x0000, 0x0000, 0x0000,
	0x0000, 0x0000, 0x0000, 0x0000, 0x0000,
	0x0000, 0x0000, 0x0000, 0x0000, 0x0000,
	0x0000, 0x0000, 0x0000, 0x0000, 0x0000,
	0x0000, 0x0000, 0x0000, 0x0000, 0x0000,
	0x0000, 0x0000, 0x0000, 0x0000, 0x0000,
	0x0000, 0x0000, 0x0000, 0x0000, 0x0000,
	0x0000, 0x0000, 0x0000, 0x0000, 0x0000,
	0x0000, 0x0000, 0x0000, 0x0000, 0x0000,
	0x0000, 0x0000, 0x0000, 0x0000, 0x0000,
	0x0000, 0x0000, 0x0000, 0x0000, 0x0000,
	0x0000, 0x0000, 0x0000, 0x0000, 0x0000,
	0x0000, 0x0000, 0x0000, 0x0000, 0x0000,
	0x0000, 0x0000, 0x0000, 0x0000, 0x0000,
	0x0000, 0x0000, 0x0000, 0x0000, 0x0000,
	0x0000, 0x0000, 0x0000, 0x0000, 0x0000,
	0x0000, 0x0000, 0x0000, 0x0000, 0x0000,
	0x0000, 0x0000, 0x0000, 0x0000, 0x0000,
	0x0000, 0x0000, 0x0000, 0x0000, 0x0000,
	0x0000, 0x0000, 0x0000, 0x0000, 0x0000,
	0x0000, 0x0000, 0x0000, 0x0000, 0x0000,
	0x0000, 0x0000, 0x0000, 0x0000, 0x0000,
	0x0000, 0x0000, 0x0000, 0x0000, 0x0000,
	0x0000, 0x0000, 0x0000, 0x0000, 0x0000,
	0x0000, 0x0000, 0x0000, 0x0000, 0x0000,
	0x0000, 0x0000, 0x0000, 0x0000, 0x0000,
	0x0000, 0x0000, 0x0000, 0x0000, 0x0000,
	0x0000, 0x0000, 0x0000, 0x0000, 0x0000,
	0x0000, 0x0000, 0x0000, 0x0000, 0x0000,
	0x0000, 0x0000, 0x0000, 0x0000, 0x0000,
	0x0000, 0x0000, 0x0000, 0x0000, 0x0000,
	0x0000, 0x0000, 0x0000, 0x0000, 0x0000,
	0x0000, 0x0000, 0x0000, 0x0000, 0x0000,
	0x0000, 0x0000, 0x0000, 0x0000, 0x0000,
	0x0000, 0x0000, 0x0000, 0x0000, 0x0000,
	0x0000, 0x0000, 0x0000, 0x0000, 0x0000,
	0x0000, 0x0000, 0x0000, 0x0000, 0x0000,
	0x0000, 0x0000, 0x0000, 0x0000, 0x0000,
	0x0000, 0x0000, 0x0000, 0x0000, 0x0000,
	0x0000, 0x0000, 0x0000, 0x0000, 0x0000,
	0x0000, 0x0000, 0x0000, 0x0000, 0x0000,
	0x0000, 0x0000, 0x0000, 0x0000, 0x0000,
	0x0000, 0x0000, 0x0000, 0x0000, 0x0000,
	0x0000, 0x0000, 0x0000, 0x0000, 0x0000,
	0x0000, 0x0000, 0x0000, 0x0000, 0x0000,
	0x0000, 0x0000, 0x0000, 0x0000, 0x0000,
	0x0000, 0x0000, 0x0000, 0x0000, 0x0000,
	0x0000, 0x0000, 0x0000, 0x0000, 0x0000,
	0x0000, 0x0000, 0x0000, 0x0000, 0x0000,
	0x0000, 0x0000, 0x0000, 0x0000, 0x0000,
	0x0000, 0x0000, 0x0000, 0x0000, 0x0000,
	0x0000, 0x0000, 0x0000, 0x0000, 0x0000,
	0x0000, 0x0000, 0x0000, 0x0000, 0x0000,
	0x0000, 0x0000, 0x0000, 0x0000, 0x0000,
	0x0000, 0x0000, 0x0000, 0x0000, 0x0000,
	0x0000, 0x0000, 0x0000, 0x0000, 0x0000,
	0x0000, 0x0000, 0x0000, 0x0000, 0x0000,
	0x0000, 0x0000, 0x0000, 0x0000, 0x0000,
	0x0000, 0x0000, 0x0000, 0x0000, 0x0000,
	0x0000, 0x0000, 0x0000, 0x0000, 0x0000,
	0x0000, 0x0000, 0x0000, 0x0000, 0x0000,
	0x0000, 0x0000, 0x0000, 0x0000, 0x0000,
	0x0000, 0x0000, 0x0000, 0x0000, 0x0000,
	0x0000, 0x0000, 0x0000, 0x0000, 0x0000,
	0x0000, 0x0000, 0x0000, 0x0000, 0x0000,
	0x0000, 0x0000, 0x0000, 0x0000, 0x0000,
	0x0000, 0x0000, 0x0000, 0x0000, 0x0000,
	0x0000, 0x0000, 0x0000, 0x0000, 0x0000,
	0x0000, 0x0000, 0x0000, 0x0000, 0x0000,
	0x0000, 0x0000, 0x0000, 0x0000, 0x0000,
	0x0000, 0x0000, 0x0000, 0x0000, 0x0000,
	0x0000, 0x0000, 0x0000, 0x0000, 0x0000,
	0x0000, 0x0000, 0x0000, 0x0000, 0x0000,
	0x0000, 0x0000, 0x0000, 0x0000, 0x0000,
	0x0000, 0x0000, 0x0000, 0x0000, 0x0000,
	0x0000, 0x0000, 0x0000, 0x0000, 0x0000,
	0x0000, 0x0000, 0x0000, 0x0000, 0x0000,
	0x0000, 0x0000, 0x0000, 0x0000, 0x0000,
	0x0000, 0x0000, 0x0000, 0x0000, 0x0000,
	0x0000, 0x0000, 0x0000, 0x0000, 0x0000,
	0x0000, 0x0000, 0x0000, 0x0000, 0x0000,
	0x0000, 0x0000, 0x0000, 0x0000, 0x0000,
	0x0000, 0x0000, 0x0000, 0x0000, 0x0000,
	0x0000, 0x0000, 0x0000, 0x0000, 0x0000,
	0x0000, 0x0000, 0x0000, 0x0000, 0x0000,
	0x0000, 0x0000, 0x0000, 0x0000, 0x0000,
	0x0000, 0x0000, 0x0000, 0x0000, 0x0000,
	0x0000, 0x0000, 0x0000, 0x0000, 0x0000,
	0x0000, 0x0000, 0x0000, 0x0000, 0x0000,
	0x0000, 0x0000, 0x0000, 0x0000, 0x0000,
	0x0000, 0x0000, 0x0000, 0x0000, 0x0000,
	0x0000, 0x0000, 0x0000, 0x0000, 0x0000,
	0x0000, 0x0000, 0x0000, 0x0000, 0x0000,
	0x0000, 0x0000, 0x0000, 0x0000, 0x0000,
	0x0000, 0x0000, 0x0000, 0x0000, 0x0000,
	0x0000, 0x0000, 0x0000, 0x0000, 0x0000,
	0x0000, 0x0000, 0x0000, 0x0000, 0x0000,
	0x0000, 0x0000, 0x0000, 0x0000, 0x0000,
	0x0000, 0x0000, 0x0000, 0x0000, 0x0000,
	0x0000, 0x0000, 0x0000, 0x0000, 0x0000,
	0x0000, 0x0000, 0x0000, 0x0000, 0x0000,
	0x0000, 0x0000, 0x0000, 0x0000, 0x0000,
	0x0000, 0x0000, 0x0000, 0x0000, 0x0000,
	0x0000, 0x0000, 0x0000, 0x0000, 0x0000,
	0x0000, 0x0000, 0x0000, 0x0000, 0x0000,
	0x0000, 0x0000, 0x0000, 0x0000, 0x0000,
	0x0000, 0x0000, 0x0000, 0x0000, 0x0000,
	0x0000, 0x0000, 0x0000, 0x0000, 0x0000,
	0x0000, 0x0000, 0x0000, 0x0000, 0x0000,
	0x0000, 0x0000, 0x0000, 0x0000, 0x0000,
	0x0000, 0x0000, 0x0000, 0x0000, 0x0000,
	0x0000, 0x0000, 0x0000, 0x0000, 0x0000,
	0x0000, 0x0000, 0x0000, 0x0000, 0x0000,
	0x0000, 0x0000, 0x0000, 0x0000, 0x0000,
	0x0000, 0x0000, 0x0000, 0x0000, 0x0000,
	0x0000, 0x0000, 0x0000, 0x0000, 0x0000,
	0x0000, 0x0000, 0x0000, 0x0000, 0x0000,
	0x0000, 0x0000, 0x0000, 0x0000, 0x0000,
	0x0000, 0x0000, 0x0000, 0x0000, 0x0000,
	0x0000, 0x0000, 0x0000, 0x0000, 0x0000,
	0x0000, 0x0000, 0x0000, 0x0000, 0x0000,
	0x0000, 0x0000, 0x0000, 0x0000, 0x0000,
	0x0000, 0x0000, 0x0000, 0x0000, 0x0000,
	0x0000, 0x0000, 0x0000, 0x0000, 0x0000,
	0x0000, 0x0000, 0x0000, 0x0000, 0x0000,
	0x0000, 0x0000, 0x0000, 0x0000, 0x0000,
	0x0000, 0x0000, 0x0000, 0x0000, 0x0000,
	0x0000, 0x0000, 0x0000, 0x0000, 0x0000,
	0x0000, 0x0000, 0x0000, 0x0000, 0x0000,
	0x0000, 0x0000, 0x0000, 0x0000, 0x0000,
	0x0000, 0x0000, 0x0000, 0x0000, 0x0000,
	0x0000, 0x0000, 0x0000, 0x0000, 0x0000,
	0x0000, 0x0000, 0x0000, 0x0000, 0x0000,
	0x0000, 0x0000, 0x0000, 0x0000, 0x0000,
	0x0000, 0x0000, 0x0000, 0x0000, 0x0000,
	0x0000, 0x0000, 0x0000, 0x0000, 0x0000,
	0x0000, 0x0000, 0x0000, 0x0000, 0x0000,
	0x0000, 0x0000, 0x0000, 0x0000, 0x0000,
	0x0000, 0x0000, 0x0000, 0x0000, 0x0000,
	0x0000, 0x0000, 0x0000, 0x0000, 0x0000,
	0x0000, 0x0000, 0x0000, 0x0000, 0x0000,
	0x0000, 0x0000, 0x0000, 0x0000, 0x0000,
	0x0000, 0x0000, 0x0000, 0x0000, 0x0000,
	0x0000, 0x0000, 0x0000, 0x0000, 0x0000,
	0x0000, 0x0000, 0x0000, 0x0000, 0x0000,
	0x0000, 0x0000, 0x0000, 0x0000, 0x0000,
	0x0000, 0x0000, 0x0000, 0x0000, 0x0000,
	0x0000, 0x0000, 0x0000, 0x0000, 0x0000,
	0x0000, 0x0000, 0x0000, 0x0000, 0x0000,
	0x0000, 0x0000, 0x0000, 0x0000, 0x0000,
	0x0000, 0x0000, 0x0000, 0x0000, 0x0000,
	0x0000, 0x0000, 0x0000, 0x0000, 0x0000,
	0x0000, 0x0000, 0x0000, 0x0000, 0x0000,
	0x0000, 0x0000, 0x0000, 0x0000, 0x0000,
	0x0000, 0x0000, 0x0000, 0x0000, 0x0000,
	0x0000, 0x0000, 0x0000, 0x0000, 0x0000,
	0x0000, 0x0000, 0x0000, 0x0000, 0x0000,
	0x0000, 0x0000, 0x0000, 0x0000, 0x0000,
	0x0000, 0x0000, 0x0000, 0x0000, 0x0000,
	0x0000, 0x0000, 0x0000, 0x0000, 0x0000,
	0x0000, 0x0000, 0x0000, 0x0000, 0x0000,
	0x0000, 0x0000, 0x0000, 0x0000, 0x0000,
	0x0000, 0x0000, 0x0000, 0x0000, 0x0000,
	0x0000, 0x0000, 0x0000, 0x0000, 0x0000,
	0x0000, 0x0000, 0x0000, 0x0000, 0x0000,
	0x0000, 0x0000, 0x0000, 0x0000, 0x0000,
	0x0000, 0x0000, 0x0000, 0x0000, 0x0000,
	0x0000, 0x0000, 0x0000, 0x0000, 0x0000,
	0x0000, 0x0000, 0x0000, 0x0000, 0x0000,
	0x0000, 0x0000, 0x0000, 0x0000, 0x0000,
	0x0000, 0x0000, 0x0000, 0x0000, 0x0000,
	0x0000, 0x0000, 0x0000, 0x0000, 0x0000,
	0x0000, 0x0000, 0x0000, 0x0000, 0x0000,
	0x0000, 0x0000, 0x0000, 0x0000, 0x0000,
	0x0000, 0x0000, 0x0000, 0x0000, 0x0000,
	0x0000, 0x0000, 0x0000, 0x0000, 0x0000,
	0x0000, 0x0000, 0x0000, 0x0000, 0x0000,
	0x0000, 0x0000, 0x0000, 0x0000, 0x0000,
	0x0000, 0x0000, 0x0000, 0x0000, 0x0000,
	0x0000, 0x0000, 0x0000, 0x0000, 0x0000,
	0x0000, 0x0000, 0x0000, 0x0000, 0x0000,
	0x0000, 0x0000, 0x0000, 0x0000, 0x0000,
	0x0000, 0x0000, 0x0000, 0x0000, 0x0000,
	0x0000, 0x0000, 0x0000, 0x0000, 0x0000,
	0x0000, 0x0000, 0x0000, 0x0000, 0x0000,
	0x0000, 0x0000, 0x0000, 0x0000, 0x0000,
	0x0000, 0x0000, 0x0000, 0x2208, 0x0003,
	0x0103, 0x0080, 0x0080, 0x0001, 0x0000,
	0x0028, 0x3520, 0x3B60, 0x1B58, 0xE4A8,
	0x0064, 0x00F0, 0x0000, 0x0000, 0x0000,
	0x0000, 0x1C65, 0x0200, 0x0800, 0x0000,
	0x0000, 0x0000, 0x0000, 0x0000, 0x0000,
	0x1F40, 0x0AF0, 0x0000, 0x0000, 0x0000,
	0x0000, 0x0000, 0x0000, 0x0000, 0x0000,
	0x0000, 0x0000, 0x0000, 0x0000, 0x0000,
	0x0000, 0x0000, 0x0000, 0x0000, 0x0000,
	0x0000, 0x0000, 0x0000, 0x0103, 0x0080,
	0x0080, 0x0001, 0x0000, 0x0028, 0x3520,
	0x3B60, 0x1B58, 0xE4A8, 0x0064, 0x00F0,
	0x0000, 0x0000, 0x0000, 0x0000, 0x1C65,
	0x0200, 0x0800, 0x0000, 0x0000, 0x0000,
	0x0000, 0x0000, 0x0000, 0x1F40, 0x0AF0,
	0x0000, 0x0000, 0x0000, 0x0000, 0x0000,
	0x0000, 0x0000, 0x0000, 0x0000, 0x0000,
	0x0000, 0x0000, 0x0000, 0x0000, 0x0000,
	0x0000, 0x0000, 0x0000, 0x0000, 0x0000,
	0x0000, 0x8000, 0x02C4, 0x0800, 0x0100,
	0x12C0, 0x0014, 0x0000, 0x0000, 0x0001,
	0x0000, 0x8000, 0x0000, 0x001E, 0x000E,
	0x0001, 0x0001, 0x8000, 0x0000, 0x8000,
	0x0000, 0x0000, 0x0000, 0x0000, 0x0000,
	0x0000, 0x0000, 0x00C8, 0x0032, 0x000F,
	0x012C, 0x0082, 0x8000, 0x0000, 0x0000,
	0x0000, 0x0000, 0x0000, 0x0000, 0x0000,
	0x0000, 0x0000, 0x0000, 0x0000, 0x0000,
	0x0000, 0x0000, 0x0000, 0x0000, 0x0000,
	0x0000, 0x0000, 0x0000, 0x0000, 0x0000,
	0x0000, 0x0000, 0x0000, 0x0000, 0x0000,
	0x0000, 0x0000, 0x0000, 0x0000, 0x0000,
	0x0000, 0x0000, 0x0000, 0x0000, 0x0000,
	0x0000, 0x0000, 0x0000, 0x0000, 0x0000,
	0x0000, 0x0000, 0x0000, 0x0000, 0x0000,
	0x0000, 0x0000, 0x0000, 0x0000, 0x0000,
	0x0000, 0x0000, 0x0000, 0x0000, 0x0000,
	0x0000, 0x0000, 0x0000, 0x0000, 0x0000,
	0x0000, 0x0000, 0x0000, 0x0000, 0x0000,
	0x0000, 0x0000, 0x0000, 0x0000, 0x0000,
	0x0000, 0x0000, 0x0000, 0x0000, 0x0000,
	0x0000, 0x0000, 0x0000, 0x0000, 0x0000,
	0x0000, 0x0000, 0x0000, 0x0000, 0x0000,
	0x0000, 0x0000, 0x0000, 0x0000, 0x0000,
	0x0000, 0x0000, 0x0000, 0x0000, 0x0000,
	0x0000, 0x0000, 0x0000, 0x0000, 0x0000,
	0x0000, 0x0000, 0x0000, 0x0000, 0x0000,
	0x0000, 0x0000, 0x0000, 0x0000, 0x0000,
	0x0000, 0x0000, 0x0000, 0x0000, 0x0000,
	0x0000, 0x0000, 0x0000, 0x0000, 0x0000,
	0x0000, 0x0000, 0x0000, 0x0000, 0x0000,
	0x0000, 0x000F, 0xF9D4, 0x0010, 0x058E,
	0xFFF0, 0x0BBA, 0x0003, 0xA6F5, 0x0033,
	0xAA41, 0xFFD8, 0xAECA, 0x000F, 0xF9D4,
	0x0010, 0x058E, 0xFFF0, 0x0BBA, 0x0003,
	0xA6F5, 0x0033, 0xAA41, 0xFFD8, 0xAECA,
	0x000F, 0xF9D4, 0x0010, 0x058E, 0xFFF0,
	0x0BBA, 0x0003, 0xA6F5, 0x0033, 0xAA41,
	0xFFD8, 0xAECA, 0xFFDC, 0xE349, 0x0010,
	0x212C, 0xFFF0, 0x27DC, 0x000F, 0xF7C6,
	0x000F, 0xFBE3, 0xFFF0, 0x041D, 0x000F,
	0xF950, 0x0010, 0x212C, 0xFFF0, 0x27DC,
	0x000F, 0xF7C6, 0x000F, 0xFBE3, 0xFFF0,
	0x041D, 0x000F, 0xF950, 0x0010, 0x212C,
	0xFFF0, 0x27DC, 0x000F, 0xF7C6, 0x000F,
	0xFBE3, 0xFFF0, 0x041D, 0x001A, 0x5814,
	0xFFF2, 0xA54B, 0x000F, 0x026B, 0xFFE5,
	0xA7EC, 0x000E, 0x584A, 0x0008, 0x59A5,
	0x0000, 0x0000, 0x0042, 0x42E1, 0xFFC5,
	0x637A, 0x0000, 0x0000, 0x001F, 0x1000,
	0xFFF0, 0xEE95, 0x000F, 0xD870, 0xFFE0,
	0xF000, 0x000F, 0x38FB, 0x000F, 0x6D67,
	0x0000, 0x0000, 0x0000, 0x494C, 0x0000,
	0x494C, 0x0000, 0x0000, 0x017C, 0x0048,
	0x11E4, 0x0000, 0x0000, 0x0000, 0x0000,
	0x0000, 0x0000, 0x0000, 0x0000, 0x0000,
	0x0000, 0x0000, 0x0000, 0x0000, 0x000F,
	0xF9D4, 0x0010, 0x058E, 0xFFF0, 0x0BBA,
	0x0003, 0xA6F5, 0x0033, 0xAA41, 0xFFD8,
	0xAECA, 0x000F, 0xF9D4, 0x0010, 0x058E,
	0xFFF0, 0x0BBA, 0x0003, 0xA6F5, 0x0033,
	0xAA41, 0xFFD8, 0xAECA, 0x000F, 0xF9D4,
	0x0010, 0x058E, 0xFFF0, 0x0BBA, 0x0003,
	0xA6F5, 0x0033, 0xAA41, 0xFFD8, 0xAECA,
	0x000F, 0xF950, 0x0010, 0x212C, 0xFFF0,
	0x27DC, 0x000F, 0xF7C6, 0x000F, 0xFBE3,
	0xFFF0, 0x041D, 0x000F, 0xF950, 0x0010,
	0x212C, 0xFFF0, 0x27DC, 0x000F, 0xF7C6,
	0x000F, 0xFBE3, 0xFFF0, 0x041D, 0x000F,
	0xF950, 0x0010, 0x212C, 0xFFF0, 0x27DC,
	0x000F, 0xF7C6, 0x000F, 0xFBE3, 0xFFF0,
	0x041D, 0x001A, 0x5814, 0xFFF2, 0xA54B,
	0x000F, 0x026B, 0xFFE5, 0xA7EC, 0x000E,
	0x584A, 0x0008, 0x59A5, 0x0000, 0x0000,
	0x0042, 0x42E1, 0xFFC5, 0x637A, 0x0000,
	0x0000, 0x001F, 0x1000, 0xFFF0, 0xEE95,
	0x000F, 0xD870, 0xFFE0, 0xF000, 0x000F,
	0x38FB, 0x000F, 0x6D67, 0x0000, 0x0000,
	0x0000, 0x494C, 0x0000, 0x494C, 0x0000,
	0x0000, 0x017C, 0x0048, 0x11E4, 0x0000,
	0x0000, 0x0000, 0x0000, 0x0000, 0x0000,
	0x0000, 0x0000, 0x0000, 0x0000, 0x0000,
	0x0000, 0x0000, 0x000F, 0xF9D4, 0x0010,
	0x058E, 0xFFF0, 0x0BBA, 0x0003, 0xA6F5,
	0x0033, 0xAA41, 0xFFD8, 0xAECA, 0x000F,
	0xF9D4, 0x0010, 0x058E, 0xFFF0, 0x0BBA,
	0x0003, 0xA6F5, 0x0033, 0xAA41, 0xFFD8,
	0xAECA, 0x000F, 0xF9D4, 0x0010, 0x058E,
	0xFFF0, 0x0BBA, 0x0003, 0xA6F5, 0x0033,
	0xAA41, 0xFFD8, 0xAECA, 0xFFDC, 0xE349,
	0x0010, 0x212C, 0xFFF0, 0x27DC, 0x000F,
	0xF7C6, 0x000F, 0xFBE3, 0xFFF0, 0x041D,
	0x000F, 0xF950, 0x0010, 0x212C, 0xFFF0,
	0x27DC, 0x000F, 0xF7C6, 0x000F, 0xFBE3,
	0xFFF0, 0x041D, 0x000F, 0xF950, 0x0010,
	0x212C, 0xFFF0, 0x27DC, 0x000F, 0xF7C6,
	0x000F, 0xFBE3, 0xFFF0, 0x041D, 0x001B,
	0xADF0, 0xFFF2, 0x6ED7, 0x000F, 0x0E4C,
	0xFFE4, 0x5210, 0x000E, 0x82DC, 0x0008,
	0x59A5, 0x0000, 0x0000, 0x0045, 0xA2DD,
	0xFFC2, 0x037E, 0x0000, 0x0000, 0x001F,
	0x1000, 0xFFF0, 0xEE95, 0x000F, 0xD870,
	0xFFE0, 0xF000, 0x000F, 0x38FB, 0x000F,
	0x6D67, 0x0000, 0x0000, 0x0000, 0x494C,
	0x0000, 0x494C, 0x0000, 0x0000, 0x011D,
	0x0048, 0x1356, 0x0000, 0x0000, 0x0000,
	0x0000, 0x0000, 0x0000, 0x0000, 0x0000,
	0x0000, 0x0000, 0x0000, 0x0000, 0x0000,
	0x000F, 0xF9D4, 0x0010, 0x058E, 0xFFF0,
	0x0BBA, 0x0003, 0xA6F5, 0x0033, 0xAA41,
	0xFFD8, 0xAECA, 0x000F, 0xF9D4, 0x0010,
	0x058E, 0xFFF0, 0x0BBA, 0x0003, 0xA6F5,
	0x0033, 0xAA41, 0xFFD8, 0xAECA, 0x000F,
	0xF9D4, 0x0010, 0x058E, 0xFFF0, 0x0BBA,
	0x0003, 0xA6F5, 0x0033, 0xAA41, 0xFFD8,
	0xAECA, 0xFFDC, 0xE349, 0x0010, 0x212C,
	0xFFF0, 0x27DC, 0x000F, 0xF7C6, 0x000F,
	0xFBE3, 0xFFF0, 0x041D, 0x000F, 0xF950,
	0x0010, 0x212C, 0xFFF0, 0x27DC, 0x000F,
	0xF7C6, 0x000F, 0xFBE3, 0xFFF0, 0x041D,
	0x000F, 0xF950, 0x0010, 0x212C, 0xFFF0,
	0x27DC, 0x000F, 0xF7C6, 0x000F, 0xFBE3,
	0xFFF0, 0x041D, 0x001B, 0xADF0, 0xFFF2,
	0x6ED7, 0x000F, 0x0E4C, 0xFFE4, 0x5210,
	0x000E, 0x82DC, 0x0008, 0x59A5, 0x0000,
	0x0000, 0x0045, 0xA2DD, 0xFFC2, 0x037E,
	0x0000, 0x0000, 0x001F, 0x1000, 0xFFF0,
	0xEE95, 0x000F, 0xD870, 0xFFE0, 0xF000,
	0x000F, 0x38FB, 0x000F, 0x6D67, 0x0000,
	0x0000, 0x0000, 0x494C, 0x0000, 0x494C,
	0x0000, 0x0000, 0x011D, 0x0048, 0x1356,
	0x0000, 0x0000, 0x0000, 0x0000, 0x0000,
	0x0002, 0x0004, 0x010C, 0x0301, 0x0903,
	0x0326, 0x8B4A, 0x00B4

};